Workbook

Sheet Val Size
D1: Working Hours | E1: Per Shift (seconds) | F1: Per Day Seconds | H1: Summary Total Downtime | K1: Summary For OEE (%) | M1: OEE (%)
B2: Assumption | C2: Hours / Shift | D2: ='Client Data'!C107 -> 8 | E2: =D2*60*60 -> 28800 | F2: =E2*D3 -> 86400 | H2: SDT (secs) | I2: ='Micro Data Tabulation'!BC92 -> 1309320 | K2: Overall Equipment Effectiveness | L2: =L3*L4*L5 -> 0.78739837 | M2: =L2*100 -> 78.739837
C3: Shift / Day | D3: ='Client Data'!F106 -> 3 | F3: =F2*C8 -> 31449600 | G3: Closed Loop Check | H3: USDT (Hour) | I3: ='Micro Data Tabulation'!BC94 -> 167.1 | K3: Availability | L3: =L6/L7 -> 0.98004133 | M3: =L3*100 -> 98.004133
B4: Operation Day / Week | C4: Total Production Planned Time (Seconds) | F4: =F3-I2 -> 30140280 | G4: =IF(F4='Micro Data Tabulation'!BC90,TRUE,FALSE) -> TRUE | H4: USDT (Seconds) | I4: =I3*60*60 -> 601560 | K4: Performance | L4: =F16*E9/L6 -> 0.80379583 | M4: =L4*100 -> 80.379583
B5: ='Client Data'!F107 -> 7 | C5: Total Operation Time (seconds) | F5: =F4-I4 -> 29538720 | G5: =IF(F5='Micro Data Tabulation'!BC96,TRUE,FALSE) -> TRUE | H5: Utilization Target | I5: ='Client Data'!C106 -> 0.9 | K5: Quality | L5: =(1-E14) -> 0.99954966 | M5: =L5*100 -> 99.954966
B6: =C8/B5 -> 52 | K6: Operating Time | L6: =L7-I4 -> 29538720
C7: Validation Range (Day) | D7: DT | E7: Operation Time(sec) | F7: Cycle Time/ Unit(Sec) | G7: Manning Ratio | K7: Planned Production Time | L7: =F4 -> 30140280
B8: Analysis Time Period | C8: ='Client Data'!J106 -> 364 | D8: =I2+I4 -> 1910880 | E8: =F5 -> 29538720 | F8: =E8/E9 -> 12.645 | G8: ='Client Data'!S106 -> 2
B9: Total Volume (units) | C9: ='Micro Data Tabulation'!BC57 -> 2336000 | D9: 0 | E9: =C9 -> 2336000
B10: Average KPI Summary
B11: Category | C11: Metric Description | D11: Unit | E11: Current Value | F11: Target Value | G11: Gap | H11: Notes | K11: Rework Loss / Unit | L11: =SUM(L17,L16,L15,L14) -> 0
B12: Unscheduled Downtime | C12: Machine Failure | D12: Hours | E12: ='Micro Data Tabulation'!BC94 -> 167.1 | F12: ='Client Data'!J107 -> 0 | G12: =F12-E12 -> -167.1 | H12: =IF(G12<0,1,0) -> 1 | K12: Rework Time/unit (sec) | L12: ='Client Data'!S107 -> 0
B13: Unscheduled Downtime | C13: Machine Assist | D13: Hours | E13: 0 | F13: ='Client Data'!J107 -> 0 | G13: =F13-E13 -> 0 | H13: =IF(G13<0,1,0) -> 0 | K13: Labor Rate/sec (rm/sec) | L13: =L35/60/60 -> 0.0066666667
B14: Quality Loss (Yield Loss) | C14: Defect Rate (-Yield) | D14: % Percent | E14: =1-'Micro Data Tabulation'!BC64 -> 0.00045034247 | F14: =1-'Client Data'!M106 -> 0.00024645548 | G14: =F14-E14 -> -0.00020388699 | H14: =IF(G14<0,1,0) -> 1 | K14: Extra Labor Cost (RM) | L14: =L12*L13 -> 0
B15: Quality Loss (Rework Loss) | C15: Rework Rate | D15: % Percent | E15: ='Micro Data Tabulation'!BC75/'Micro Data Tabulation'!BC57 -> 0.0021592466 | F15: ='Client Data'!M107 -> 0.00041862158 | G15: =F15-E15 -> -0.001740625 | H15: =IF(G15<0,1,0) -> 1 | K15: Extra Material Cost / unit | L15: ='Client Data'!W106 -> 0
B16: Speed Loss (ACT-TCT) | C16: Actual Vs POR CT | D16: Seconds | E16: =F8 -> 12.645 | F16: ='Client Data'!P106 -> 10.163998 | G16: =F16-E16 -> -2.4810017 | H16: =IF(G16<0,1,0) -> 1 | K16: Extra Utility Cost / unit | L16: ='Client Data'!W107 -> 0
B17: Labor Loss | C17: Extra Manpower | D17: Headcount | E17: =D2*D3*C8*G8 -> 17472 | F17: =C9*F16*G8/60/60 -> 13190.611 | G17: =F17-E17 -> -4281.3889 | H17: =IF(G17<0,1,0) -> 1 | K17: Opportunity Cost / Unit | L17: =L20*L12/L19 -> 0
B18: Utility Waste | C18: Excess Consumption | D18: RM | E18: =D48 -> 73000 | F18: =E48 -> 53728 | G18: =F18-E18 -> -19272 | H18: =IF(G18<0,1,0) -> 1 | K18: Speed Loss (CT) - Overall | L18: =G16*(-1) -> 2.4810017
B19: Customer Return (unit) | C19: Mis-Processing | D19: Units | E19: ='Client Data'!P107 -> 12 | F19: 0 | G19: =F19-E19 -> -12 | H19: =IF(G19<0,1,0) -> 1 | K19: Standard Cycle Time | L19: =F16 -> 10.163998
B20: Material Waste | C20: Over-Consumption | D20: RM | E20: =D64 -> 122000 | F20: =E64 -> 85264 | G20: =F20-E20 -> -36736 | H20: =IF(G20<0,1,0) -> 1 | K20: Contribution Margin / Unit | L20: =L21-L22 -> -16.089753
B21: Tooling / Consumables | C21: Premature Wear / Tear / Etc | D21: RM | E21: =D78 -> 173000 | F21: =E78 -> 149504 | G21: =F21-E21 -> -23496 | H21: =IF(G21<0,1,0) -> 1 | K21: Selling Price / unit | L21: ='Client Data'!Z106 -> 0
K22: Variable Cost / Unit (avg) | L22: =L26 -> 16.089753
K26: Defect Loss Per Unit (Scrap) | L26: =SUM(L27:L29) -> 16.089753
K27: Material Cost per unit | L27: ='Client Data'!Z107 -> 8
B28: Category | C28: Gap Value (Per Val Size) | D28: Cost / Unit | E28: Val Size VaS | F28: Annual VaS | G28: 5 Years VaS | H28: LoGICAL Test | K28: Direct Labor Cost Per unit | L28: =L37/C9*L32 -> 0.089753425
B29: USDT - Machine Failure | C29: =G12*(-1) -> 167.1 | D29: ='Micro Data Tabulation'!W4 -> 2573.6832 | E29: =C29*D29 -> 430062.47 | F29: =E29/B6*52 -> 430062.47 | G29: =F29*5 -> 2150312.3 | H29: =AND(E29,'Micro Data Tabulation'!C180) -> TRUE | K29: Utility Cost Per Unit | L29: ='Client Data'!AC106 -> 8
B30: USDT - Machine Assist | C30: =G13*(-1) -> 0 | D30: =D29 -> 2573.6832 | E30: =C30*D30 -> 0 | F30: =E30/B6*52 -> 0 | G30: =F30*5 -> 0
B31: Quality Loss - Defect | C31: =C9*G14*-1 -> 476.28 | D31: =SUM('Micro Data Tabulation'!BC445:BC452)/('Val Size'!G14*(-1)*'Val Size'!C9) -> 16.051252 | E31: =C31*D31 -> 7644.8905 | F31: =E31/(B6)*52 -> 7644.8905 | G31: =F31*5 -> 38224.453 | H31: =AND(E31,SUM('Micro Data Tabulation'!BC445:BC452)) -> TRUE | K31: Cost Per Hour Downtime | L31: =SUM(L33,L34,L35) -> -5644.8511
B32: Quality Loss - Rework | C32: =C9*G15*(-1) -> 4066.1 | D32: =SUM('Micro Data Tabulation'!BC714:BC721)/(-1*SUM('Micro Data Tabulation'!BC763:BC782)*'Val Size'!G15) -> 14.745328 | E32: =C32*D32 -> 59955.976 | F32: =E32/(B6)*52 -> 59955.976 | G32: =F32*5 -> 299779.88 | H32: =AND(E32,SUM('Micro Data Tabulation'!BC714:BC721)) -> TRUE | K32: Labor Cost Per Hour / Pax | L32: ='Client Data'!AC107 -> 12
B33: Speed Loss | C33: =G16*-1*E9 -> 5795620 | D33: ='Micro Data Tabulation'!C318/60/60 -> 0.75103448 | E33: =C33*D33 -> 4352710.5 | F33: =E33/B6*52 -> 4352710.5 | G33: =F33*5 -> 21763552 | H33: =AND(E33,'Micro Data Tabulation'!BD848) -> TRUE | K33: Overhead Cost Per Hour | L33: ='Client Data'!AF106 -> 30
B34: Labor Loss | C34: =L38 -> 4281.3889 | D34: =L32 -> 12 | E34: =C34*D34 -> 51376.667 | F34: =E34/B6*52 -> 51376.667 | G34: =F34*5 -> 256883.33 | H34: =AND(E34,'Micro Data Tabulation'!BB759) -> TRUE | K34: Opportunity Cost Per Hour | L34: =L20*(60*60)/F16 -> -5698.8511
B35: Utility Waste | C35: =G18*-1 -> 19272 | D35: =1 -> 1 | E35: =C35*D35 -> 19272 | F35: =E35/B6*52 -> 19272 | G35: =F35*5 -> 96360 | K35: Total Labor Cost With Labor Count)/Hour | L35: =L32*G8 -> 24
B36: Customer Return | C36: =G19*-1 -> 12 | D36: =L26 -> 16.089753 | E36: =C36*D36 -> 193.07704 | F36: =E36/B6*52 -> 193.07704 | G36: =F36*5 -> 965.38521 | K36: Standard Labor Hours (SLH) | L36: =G8*F16*C9/60/60 -> 13190.611
B37: Material Waste | C37: =G20*-1 -> 36736 | D37: =1 -> 1 | E37: =C37*D37 -> 36736 | F37: =E37/B6*52 -> 36736 | G37: =F37*5 -> 183680 | K37: Actual Labor hours (ALH) | L37: =D2*D3*C8*G8 -> 17472
B38: Tooling / Consulables Waste | C38: =G21*-1 -> 23496 | D38: =1 -> 1 | E38: =C38*D38 -> 23496 | F38: =E38/B6*52 -> 23496 | G38: =F38*5 -> 117480 | K38: Labor Loss (Hours) | L38: =L37-L36 -> 4281.3889
D39: TOTAL | E39: =SUM(E29:E38) -> 4981447.5
B42: Energy / Utility Waste | C42: Multiplier Constant, K | D42: Actual Utilization (RM) | E42: Target Utilization (RM) | F42: Waste (RM)
B43: Electricity | C43: 0.01 | D43: 15000 | E43: =C43*C9 -> 23360 | F43: =D43-E43 -> -8360
B44: Gas | C44: 0.005 | D44: 36000 | E44: =C44*C9 -> 11680 | F44: =D44-E44 -> 24320
B45: Water | C45: 0.008 | D45: 22000 | E45: =C45*C9 -> 18688 | F45: =D45-E45 -> 3312
E46: =C46*C9 -> 0 | F46: =D46-E46 -> 0
F47: =D47-E47 -> 0
D48: =SUM(D43:D47) -> 73000 | E48: =SUM(E43:E47) -> 53728 | F48: =SUM(F43:F47) -> 19272
B54: Direct Material Waste | C54: Multiplier Constant, K | D54: Actual Utilization (RM) | E54: Target Utilization (RM) | F54: Waste (RM)
B55: a | C55: 0.01 | D55: 8000 | E55: =C55*C9 -> 23360 | F55: =D55-E55 -> -15360
B56: b | C56: 0.01 | D56: 40000 | E56: =C56*C9 -> 23360 | F56: =D56-E56 -> 16640
B57: c | C57: 0.012 | D57: 38000 | E57: =C57*C9 -> 28032 | F57: =D57-E57 -> 9968
B58: d | C58: 0.0045 | D58: 36000 | E58: =C58*C9 -> 10512 | F58: =D58-E58 -> 25488
E59: =C59*C9 -> 0 | F59: =D59-E59 -> 0
E60: =C60*C9 -> 0 | F60: =D60-E60 -> 0
E61: =C61*C9 -> 0 | F61: =D61-E61 -> 0
E62: =C62*C9 -> 0 | F62: =D62-E62 -> 0
E63: =C63*C9 -> 0 | F63: =D63-E63 -> 0
D64: =SUM(D55:D63) -> 122000 | E64: =SUM(E55:E63) -> 85264 | F64: =SUM(F55:F63) -> 36736
B68: Consumables / Tooling | C68: Multiplier Constant, K | D68: Actual Utilization (RM) | E68: Target Utilization (RM) | F68: Waste (RM)
B69: 1 | C69: 0.008 | D69: 40000 | E69: =C69*C9 -> 18688 | F69: =D69-E69 -> 21312
B70: 2 | C70: 0.01 | D70: 20000 | E70: =C70*C9 -> 23360 | F70: =D70-E70 -> -3360
B71: 3 | C71: 0.008 | D71: 9000 | E71: =C71*C9 -> 18688 | F71: =D71-E71 -> -9688
B72: 4 | C72: 0.009 | D72: 45000 | E72: =C72*C9 -> 21024 | F72: =D72-E72 -> 23976
B73: 5 | C73: 0.01 | D73: 9000 | E73: =C73*C9 -> 23360 | F73: =D73-E73 -> -14360
B74: 5 | C74: 0.009 | D74: 22000 | E74: =C74*C9 -> 21024 | F74: =D74-E74 -> 976
B75: 6 | C75: 0.01 | D75: 28000 | E75: =C75*C9 -> 23360 | F75: =D75-E75 -> 4640
E76: =C76*C23 -> 0 | F76: =D76-E76 -> 0
E77: =C77*C23 -> 0 | F77: =D77-E77 -> 0
D78: =SUM(D69:D77) -> 173000 | E78: =SUM(E69:E77) -> 149504 | F78: =SUM(F69:F77) -> 23496

Sheet Client Data
A1: Product Count
A2: 8 | B2: Product Name | C2: Standard CT (Seconds) | D2: 1 | E2: =D2+1 -> 2 | F2: =E2+1 -> 3 | G2: =F2+1 -> 4 | H2: =G2+1 -> 5 | I2: =H2+1 -> 6 | J2: =I2+1 -> 7 | K2: =J2+1 -> 8 | L2: =K2+1 -> 9 | ... BC2: =BB2+1 -> 52 | BD2: ='Micro Data Tabulation'!BC56 -> TOTAL | BE2: Total | BF2: Rework Extra Material Cost / Unit (RM) | BG2: Rework: Extra Utility Cost (RM) | BH2: Product Price / Unit (RM) | BI2: Material Cost / Unit (RM) | BJ2: Utility Cost / Unit (RM) | BK2: Yeild Target (%) | BL2: Customer Return
A3: 1 | B3: Product A | C3: 9 | D3: 9000 | E3: 0 | F3: 5000 | G3: 0 | H3: 9000 | I3: 0 | J3: 0 | K3: 0 | L3: 9000 | M3: 0 | N3: 0 | O3: 0 | P3: 9000 | Q3: 3000 | R3: 0 | S3: 0 | T3: 9000 | U3: 0 | V3: 0 | W3: 3000 | X3: 9000 | Y3: 0 | Z3: 0 | AA3: 0 | AB3: 9000 | AC3: 0 | AD3: 6000 | AE3: 0 | AF3: 9000 | AG3: 0 | AH3: 0 | AI3: 3000 | AJ3: 9000 | AK3: 0 | AL3: 0 | AM3: 0 | AN3: 9000 | AO3: 3000 | AP3: 0 | AQ3: 0 | AR3: 9000 | AS3: 0 | AT3: 5000 | AU3: 0 | AV3: 9000 | AW3: 5000 | AX3: 0 | AY3: 0 | AZ3: 9000 | BA3: 0 | BB3: 0 | BC3: 0 | BD3: =SUM(D3:BC3) -> 150000 | BE3: =C3*BD3 -> 1350000 | BF3: 0.24 | BG3: 0.26 | BH3: 26 | BI3: 7 | BJ3: 8.5 | BK3: 0.9997 | BL3: 1
A4: 2 | B4: Product B | C4: 9.8 | D4: 8000 | E4: 9000 | F4: 0 | G4: 6000 | H4: 8000 | I4: 9000 | J4: 0 | K4: 3000 | L4: 8000 | M4: 9000 | N4: 0 | O4: 0 | P4: 8000 | Q4: 9000 | R4: 0 | S4: 0 | T4: 8000 | U4: 9000 | V4: 0 | W4: 0 | X4: 8000 | Y4: 9000 | Z4: 0 | AA4: 0 | AB4: 8000 | AC4: 9000 | AD4: 0 | AE4: 0 | AF4: 8000 | AG4: 9000 | AH4: 0 | AI4: 0 | AJ4: 8000 | AK4: 9000 | AL4: 0 | AM4: 0 | AN4: 8000 | AO4: 9000 | AP4: 0 | AQ4: 0 | AR4: 8000 | AS4: 9000 | AT4: 0 | AU4: 5000 | AV4: 8000 | AW4: 9000 | AX4: 0 | AY4: 3000 | AZ4: 8000 | BA4: 3000 | BB4: 0 | BC4: 0 | BD4: =SUM(D4:BC4) -> 232000 | BE4: =C4*BD4 -> 2273600 | BF4: 0.23 | BG4: 0.23 | BH4: 25 | BI4: 8 | BJ4: 8.9 | BK4: 0.99971 | BL4: 2
A5: 3 | B5: Product C | C5: 9.6 | D5: 10000 | E5: 8000 | F5: 9000 | G5: 0 | H5: 10000 | I5: 8000 | J5: 9000 | K5: 0 | L5: 10000 | M5: 8000 | N5: 9000 | O5: 0 | P5: 10000 | Q5: 8000 | R5: 9000 | S5: 0 | T5: 10000 | U5: 8000 | V5: 9000 | W5: 0 | X5: 10000 | Y5: 8000 | Z5: 9000 | AA5: 0 | AB5: 10000 | AC5: 8000 | AD5: 9000 | AE5: 0 | AF5: 10000 | AG5: 8000 | AH5: 9000 | AI5: 0 | AJ5: 10000 | AK5: 8000 | AL5: 9000 | AM5: 0 | AN5: 10000 | AO5: 8000 | AP5: 9000 | AQ5: 0 | AR5: 10000 | AS5: 8000 | AT5: 9000 | AU5: 0 | AV5: 10000 | AW5: 8000 | AX5: 9000 | AY5: 0 | AZ5: 10000 | BA5: 8000 | BB5: 9000 | BC5: 0 | BD5: =SUM(D5:BC5) -> 351000 | BE5: =C5*BD5 -> 3369600 | BF5: 0.22 | BG5: 0.25 | BH5: 24 | BI5: 6 | BJ5: 9 | BK5: 0.99975 | BL5: 2
A6: 4 | B6: Product D | C6: 11 | D6: 13000 | E6: 10000 | F6: 8000 | G6: 9000 | H6: 9000 | I6: 10000 | J6: 8000 | K6: 9000 | L6: 13000 | M6: 10000 | N6: 8000 | O6: 9000 | P6: 13000 | Q6: 10000 | R6: 8000 | S6: 9000 | T6: 9000 | U6: 8000 | V6: 8000 | W6: 9000 | X6: 13000 | Y6: 10000 | Z6: 8000 | AA6: 7000 | AB6: 13000 | AC6: 10000 | AD6: 8000 | AE6: 9000 | AF6: 9000 | AG6: 10000 | AH6: 8000 | AI6: 9000 | AJ6: 13000 | AK6: 10000 | AL6: 8000 | AM6: 7000 | AN6: 13000 | AO6: 10000 | AP6: 8000 | AQ6: 9000 | AR6: 9000 | AS6: 10000 | AT6: 8000 | AU6: 9000 | AV6: 13000 | AW6: 10000 | AX6: 8000 | AY6: 9000 | AZ6: 13000 | BA6: 10000 | BB6: 8000 | BC6: 7000 | BD6: =SUM(D6:BC6) -> 496000 | BE6: =C6*BD6 -> 5456000 | BF6: 0.21 | BG6: 0.22 | BH6: 21 | BI6: 8.5 | BJ6: 8 | BK6: 0.99979 | BL6: 1
A7: 5 | B7: Product E | C7: 10.8 | D7: 5000 | E7: 13000 | F7: 10000 | G7: 8000 | H7: 5000 | I7: 11000 | J7: 10000 | K7: 8000 | L7: 5000 | M7: 7000 | N7: 6000 | O7: 8000 | P7: 5000 | Q7: 13000 | R7: 10000 | S7: 8000 | T7: 5000 | U7: 13000 | V7: 10000 | W7: 8000 | X7: 5000 | Y7: 7000 | Z7: 10000 | AA7: 8000 | AB7: 5000 | AC7: 13000 | AD7: 10000 | AE7: 8000 | AF7: 5000 | AG7: 11000 | AH7: 10000 | AI7: 8000 | AJ7: 5000 | AK7: 7000 | AL7: 10000 | AM7: 8000 | AN7: 5000 | AO7: 13000 | AP7: 10000 | AQ7: 8000 | AR7: 5000 | AS7: 11000 | AT7: 10000 | AU7: 8000 | AV7: 5000 | AW7: 13000 | AX7: 10000 | AY7: 8000 | AZ7: 5000 | BA7: 13000 | BB7: 10000 | BC7: 8000 | BD7: =SUM(D7:BC7) -> 440000 | BE7: =C7*BD7 -> 4752000 | BF7: 0.23 | BG7: 0.24 | BH7: 23 | BI7: 8 | BJ7: 7.8 | BK7: 0.99976 | BL7: 2
A8: 6 | B8: Product F | C8: 10.5 | D8: 0 | E8: 5000 | F8: 13000 | G8: 0 | H8: 0 | I8: 5000 | J8: 13000 | K8: 10000 | L8: 6000 | M8: 5000 | N8: 13000 | O8: 10000 | P8: 0 | Q8: 5000 | R8: 13000 | S8: 10000 | T8: 0 | U8: 5000 | V8: 13000 | W8: 10000 | X8: 0 | Y8: 5000 | Z8: 9000 | AA8: 10000 | AB8: 0 | AC8: 5000 | AD8: 13000 | AE8: 4000 | AF8: 0 | AG8: 5000 | AH8: 13000 | AI8: 10000 | AJ8: 0 | AK8: 5000 | AL8: 9000 | AM8: 10000 | AN8: 0 | AO8: 5000 | AP8: 13000 | AQ8: 4000 | AR8: 0 | AS8: 5000 | AT8: 13000 | AU8: 10000 | AV8: 5000 | AW8: 5000 | AX8: 13000 | AY8: 10000 | AZ8: 6000 | BA8: 5000 | BB8: 9000 | BC8: 10000 | BD8: =SUM(D8:BC8) -> 347000 | BE8: =C8*BD8 -> 3643500 | BF8: 0.24 | BG8: 0.25 | BH8: 22 | BI8: 9 | BJ8: 7.9 | BK8: 0.99973 | BL8: 1
A9: 7 | B9: Product G | C9: 9 | D9: 0 | E9: 3000 | F9: 6000 | G9: 11000 | H9: 0 | I9: 0 | J9: 5000 | K9: 13000 | L9: 0 | M9: 0 | N9: 5000 | O9: 11000 | P9: 0 | Q9: 0 | R9: 5000 | S9: 7000 | T9: 0 | U9: 0 | V9: 5000 | W9: 13000 | X9: 0 | Y9: 0 | Z9: 5000 | AA9: 13000 | AB9: 0 | AC9: 0 | AD9: 5000 | AE9: 13000 | AF9: 0 | AG9: 0 | AH9: 5000 | AI9: 13000 | AJ9: 0 | AK9: 0 | AL9: 5000 | AM9: 13000 | AN9: 0 | AO9: 0 | AP9: 5000 | AQ9: 13000 | AR9: 0 | AS9: 0 | AT9: 5000 | AU9: 13000 | AV9: 0 | AW9: 0 | AX9: 5000 | AY9: 13000 | AZ9: 0 | BA9: 0 | BB9: 5000 | BC9: 13000 | BD9: =SUM(D9:BC9) -> 228000 | BE9: =C9*BD9 -> 2052000 | BF9: 0.22 | BG9: 0.25 | BH9: 24 | BI9: 6.9 | BJ9: 8 | BK9: 0.99978 | BL9: 2
A10: 8 | B10: Product H | C10: 9.2 | D10: 0 | E10: 0 | F10: 0 | G10: 5000 | H10: 0 | I10: 0 | J10: 0 | K10: 5000 | L10: 0 | M10: 0 | N10: 0 | O10: 5000 | P10: 0 | Q10: 0 | R10: 6000 | S10: 5000 | T10: 0 | U10: 0 | V10: 0 | W10: 5000 | X10: 6000 | Y10: 0 | Z10: 0 | AA10: 5000 | AB10: 0 | AC10: 3000 | AD10: 0 | AE10: 5000 | AF10: 0 | AG10: 0 | AH10: 0 | AI10: 5000 | AJ10: 6000 | AK10: 0 | AL10: 0 | AM10: 5000 | AN10: 0 | AO10: 0 | AP10: 6000 | AQ10: 5000 | AR10: 0 | AS10: 0 | AT10: 0 | AU10: 5000 | AV10: 0 | AW10: 0 | AX10: 0 | AY10: 5000 | AZ10: 0 | BA10: 0 | BB10: 0 | BC10: 5000 | BD10: =SUM(D10:BC10) -> 92000 | BE10: =C10*BD10 -> 846400 | BF10: 0.25 | BG10: 0.22 | BH10: 26 | BI10: 7.8 | BJ10: 7.5 | BK10: 0.99976 | BL10: 1
A11: 9 | BD11: =SUM(D11:BC11) -> 0 | BE11: =C11*BD11 -> 0
A12: 10 | BD12: =SUM(D12:BC12) -> 0 | BE12: =C12*BD12 -> 0
A13: 11 | BD13: =SUM(D13:BC13) -> 0 | BE13: =C13*BD13 -> 0
A14: 12 | BD14: =SUM(D14:BC14) -> 0 | BE14: =C14*BD14 -> 0
A15: 13 | BD15: =SUM(D15:BC15) -> 0 | BE15: =C15*BD15 -> 0
A16: 14 | BD16: =SUM(D16:BC16) -> 0 | BE16: =C16*BD16 -> 0
A17: 15 | BD17: =SUM(D17:BC17) -> 0 | BE17: =C17*BD17 -> 0
A18: 16 | BD18: =SUM(D18:BC18) -> 0 | BE18: =C18*BD18 -> 0
A19: 17 | BD19: =SUM(D19:BC19) -> 0 | BE19: =C19*BD19 -> 0
A20: 18 | BD20: =SUM(D20:BC20) -> 0 | BE20: =C20*BD20 -> 0
A21: 19 | BD21: =SUM(D21:BC21) -> 0 | BE21: =C21*BD21 -> 0
A22: 20 | BD22: =SUM(D22:BC22) -> 0 | BE22: =C22*BD22 -> 0
A23: Rework Type Count | BD23: =SUM(BD3:BD22) -> 2336000 | BE23: =SUM(BE3:BE22) -> 23743100
A24: 9 | B24: Rework Loss Type | C24: Product | D24: 1 | E24: =D24+1 -> 2 | F24: =E24+1 -> 3 | G24: =F24+1 -> 4 | H24: =G24+1 -> 5 | I24: =H24+1 -> 6 | J24: =I24+1 -> 7 | K24: =J24+1 -> 8 | L24: =K24+1 -> 9 | ... BC24: =BB24+1 -> 52 | BD24: Standard Rework Time (Seconds) | BE24: Standard Rework Baseline (%)
A25: 1 | B25: Rework Loss Type A | C25: =IF(OR(A$24>A25,A$24=A25),B$3,0) -> Product A | D25: 0 | E25: 0 | F25: 0 | G25: 0 | H25: 0 | I25: 0 | J25: 0 | K25: 0 | L25: 0 | M25: 0 | N25: 0 | O25: 0 | P25: 0 | Q25: 0 | R25: 0 | S25: 0 | T25: 0 | U25: 0 | V25: 0 | W25: 0 | X25: 0 | Y25: 0 | Z25: 0 | AA25: 0 | AB25: 0 | AC25: 0 | AD25: 0 | AE25: 0 | AF25: 0 | AG25: 0 | AH25: 0 | AI25: 0 | AJ25: 0 | AK25: 0 | AL25: 0 | AM25: 0 | AN25: 0 | AO25: 0 | AP25: 0 | AQ25: 0 | AR25: 0 | AS25: 0 | AT25: 0 | AU25: 0 | AV25: 0 | AW25: 0 | AX25: 0 | AY25: 0 | AZ25: 0 | BA25: 0 | BB25: 0 | BC25: 0 | BD25: 1 | BE25: 0.0005 | BG25: =SUM(D25:BC33) -> 319
A26: 2 | B26: Rework Loss Type B | C26: =IF(OR(A$24>A26,A$24=A26),B$3,0) -> Product A | D26: 19 | E26: 0 | F26: 11 | G26: 0 | H26: 19 | I26: 0 | J26: 0 | K26: 0 | L26: 19 | M26: 0 | N26: 0 | O26: 0 | P26: 19 | Q26: 8 | R26: 0 | S26: 0 | T26: 19 | U26: 0 | V26: 0 | W26: 6 | X26: 19 | Y26: 0 | Z26: 0 | AA26: 0 | AB26: 19 | AC26: 0 | AD26: 13 | AE26: 0 | AF26: 19 | AG26: 0 | AH26: 0 | AI26: 6 | AJ26: 20 | AK26: 0 | AL26: 0 | AM26: 0 | AN26: 19 | AO26: 6 | AP26: 0 | AQ26: 0 | AR26: 19 | AS26: 0 | AT26: 11 | AU26: 0 | AV26: 18 | AW26: 11 | AX26: 0 | AY26: 0 | AZ26: 19 | BA26: 0 | BB26: 0 | BC26: 0 | BD26: 2 | BE26: =BE25 -> 0.0005
A27: 3 | B27: Rework Loss Type C | C27: =IF(OR(A$24>A27,A$24=A27),B$3,0) -> Product A | D27: 0 | E27: 0 | F27: 0 | G27: 0 | H27: 0 | I27: 0 | J27: 0 | K27: 0 | L27: 0 | M27: 0 | N27: 0 | O27: 0 | P27: 0 | Q27: 0 | R27: 0 | S27: 0 | T27: 0 | U27: 0 | V27: 0 | W27: 0 | X27: 0 | Y27: 0 | Z27: 0 | AA27: 0 | AB27: 0 | AC27: 0 | AD27: 0 | AE27: 0 | AF27: 0 | AG27: 0 | AH27: 0 | AI27: 0 | AJ27: 0 | AK27: 0 | AL27: 0 | AM27: 0 | AN27: 0 | AO27: 0 | AP27: 0 | AQ27: 0 | AR27: 0 | AS27: 0 | AT27: 0 | AU27: 0 | AV27: 0 | AW27: 0 | AX27: 0 | AY27: 0 | AZ27: 0 | BA27: 0 | BB27: 0 | BC27: 0 | BD27: 4 | BE27: =BE26 -> 0.0005
A28: 4 | B28: Rework Loss Type D | C28: =IF(OR(A$24>A28,A$24=A28),B$3,0) -> Product A | D28: 0 | E28: 0 | F28: 0 | G28: 0 | H28: 0 | I28: 0 | J28: 0 | K28: 0 | L28: 0 | M28: 0 | N28: 0 | O28: 0 | P28: 0 | Q28: 0 | R28: 0 | S28: 0 | T28: 0 | U28: 0 | V28: 0 | W28: 0 | X28: 0 | Y28: 0 | Z28: 0 | AA28: 0 | AB28: 0 | AC28: 0 | AD28: 0 | AE28: 0 | AF28: 0 | AG28: 0 | AH28: 0 | AI28: 0 | AJ28: 0 | AK28: 0 | AL28: 0 | AM28: 0 | AN28: 0 | AO28: 0 | AP28: 0 | AQ28: 0 | AR28: 0 | AS28: 0 | AT28: 0 | AU28: 0 | AV28: 0 | AW28: 0 | AX28: 0 | AY28: 0 | AZ28: 0 | BA28: 0 | BB28: 0 | BC28: 0 | BD28: 2 | BE28: =BE27 -> 0.0005
A29: 5 | B29: Rework Loss Type E | C29: =IF(OR(A$24>A29,A$24=A29),B$3,0) -> Product A | D29: 0 | E29: 0 | F29: 0 | G29: 0 | H29: 0 | I29: 0 | J29: 0 | K29: 0 | L29: 0 | M29: 0 | N29: 0 | O29: 0 | P29: 0 | Q29: 0 | R29: 0 | S29: 0 | T29: 0 | U29: 0 | V29: 0 | W29: 0 | X29: 0 | Y29: 0 | Z29: 0 | AA29: 0 | AB29: 0 | AC29: 0 | AD29: 0 | AE29: 0 | AF29: 0 | AG29: 0 | AH29: 0 | AI29: 0 | AJ29: 0 | AK29: 0 | AL29: 0 | AM29: 0 | AN29: 0 | AO29: 0 | AP29: 0 | AQ29: 0 | AR29: 0 | AS29: 0 | AT29: 0 | AU29: 0 | AV29: 0 | AW29: 0 | AX29: 0 | AY29: 0 | AZ29: 0 | BA29: 0 | BB29: 0 | BC29: 0 | BD29: 2 | BE29: =BE28 -> 0.0005
A30: 6 | B30: Rework Loss Type F | C30: =IF(OR(A$24>A30,A$24=A30),B$3,0) -> Product A | D30: 0 | E30: 0 | F30: 0 | G30: 0 | H30: 0 | I30: 0 | J30: 0 | K30: 0 | L30: 0 | M30: 0 | N30: 0 | O30: 0 | P30: 0 | Q30: 0 | R30: 0 | S30: 0 | T30: 0 | U30: 0 | V30: 0 | W30: 0 | X30: 0 | Y30: 0 | Z30: 0 | AA30: 0 | AB30: 0 | AC30: 0 | AD30: 0 | AE30: 0 | AF30: 0 | AG30: 0 | AH30: 0 | AI30: 0 | AJ30: 0 | AK30: 0 | AL30: 0 | AM30: 0 | AN30: 0 | AO30: 0 | AP30: 0 | AQ30: 0 | AR30: 0 | AS30: 0 | AT30: 0 | AU30: 0 | AV30: 0 | AW30: 0 | AX30: 0 | AY30: 0 | AZ30: 0 | BA30: 0 | BB30: 0 | BC30: 0 | BD30: 4.5 | BE30: =BE29 -> 0.0005
A31: 7 | B31: Rework Loss Type G | C31: =IF(OR(A$24>A31,A$24=A31),B$3,0) -> Product A | D31: 0 | E31: 0 | F31: 0 | G31: 0 | H31: 0 | I31: 0 | J31: 0 | K31: 0 | L31: 0 | M31: 0 | N31: 0 | O31: 0 | P31: 0 | Q31: 0 | R31: 0 | S31: 0 | T31: 0 | U31: 0 | V31: 0 | W31: 0 | X31: 0 | Y31: 0 | Z31: 0 | AA31: 0 | AB31: 0 | AC31: 0 | AD31: 0 | AE31: 0 | AF31: 0 | AG31: 0 | AH31: 0 | AI31: 0 | AJ31: 0 | AK31: 0 | AL31: 0 | AM31: 0 | AN31: 0 | AO31: 0 | AP31: 0 | AQ31: 0 | AR31: 0 | AS31: 0 | AT31: 0 | AU31: 0 | AV31: 0 | AW31: 0 | AX31: 0 | AY31: 0 | AZ31: 0 | BA31: 0 | BB31: 0 | BC31: 0 | BD31: 1 | BE31: =BE30 -> 0.0005
A32: 8 | B32: Rework Loss Type H | C32: =IF(OR(A$24>A32,A$24=A32),B$3,0) -> Product A | D32: 0 | E32: 0 | F32: 0 | G32: 0 | H32: 0 | I32: 0 | J32: 0 | K32: 0 | L32: 0 | M32: 0 | N32: 0 | O32: 0 | P32: 0 | Q32: 0 | R32: 0 | S32: 0 | T32: 0 | U32: 0 | V32: 0 | W32: 0 | X32: 0 | Y32: 0 | Z32: 0 | AA32: 0 | AB32: 0 | AC32: 0 | AD32: 0 | AE32: 0 | AF32: 0 | AG32: 0 | AH32: 0 | AI32: 0 | AJ32: 0 | AK32: 0 | AL32: 0 | AM32: 0 | AN32: 0 | AO32: 0 | AP32: 0 | AQ32: 0 | AR32: 0 | AS32: 0 | AT32: 0 | AU32: 0 | AV32: 0 | AW32: 0 | AX32: 0 | AY32: 0 | AZ32: 0 | BA32: 0 | BB32: 0 | BC32: 0 | BD32: 2 | BE32: =BE31 -> 0.0005
A33: 9 | B33: Rework Loss Type I | C33: =IF(OR(A$24>A33,A$24=A33),B$3,0) -> Product A | D33: 0 | E33: 0 | F33: 0 | G33: 0 | H33: 0 | I33: 0 | J33: 0 | K33: 0 | L33: 0 | M33: 0 | N33: 0 | O33: 0 | P33: 0 | Q33: 0 | R33: 0 | S33: 0 | T33: 0 | U33: 0 | V33: 0 | W33: 0 | X33: 0 | Y33: 0 | Z33: 0 | AA33: 0 | AB33: 0 | AC33: 0 | AD33: 0 | AE33: 0 | AF33: 0 | AG33: 0 | AH33: 0 | AI33: 0 | AJ33: 0 | AK33: 0 | AL33: 0 | AM33: 0 | AN33: 0 | AO33: 0 | AP33: 0 | AQ33: 0 | AR33: 0 | AS33: 0 | AT33: 0 | AU33: 0 | AV33: 0 | AW33: 0 | AX33: 0 | AY33: 0 | AZ33: 0 | BA33: 0 | BB33: 0 | BC33: 0 | BD33: 2 | BE33: =BE32 -> 0.0005
A34: 10 | C34: =IF(OR(A$24>A34,A$24=A34),B$3,0) -> 0 | D34: 1 | E34: =D34+1 -> 2 | F34: =E34+1 -> 3 | G34: =F34+1 -> 4 | H34: =G34+1 -> 5 | I34: =H34+1 -> 6 | J34: =I34+1 -> 7 | K34: =J34+1 -> 8 | L34: =K34+1 -> 9 | ... BC34: =BB34+1 -> 52
A35: 1 | B35: =B25 -> Rework Loss Type A | C35: =IF(OR(A$24>A35,A$24=A35),B$4,0) -> Product B | D35: 0 | E35: 0 | F35: 0 | G35: 0 | H35: 0 | I35: 0 | J35: 0 | K35: 0 | L35: 0 | M35: 0 | N35: 0 | O35: 0 | P35: 0 | Q35: 0 | R35: 0 | S35: 0 | T35: 0 | U35: 0 | V35: 0 | W35: 0 | X35: 0 | Y35: 0 | Z35: 0 | AA35: 0 | AB35: 0 | AC35: 0 | AD35: 0 | AE35: 0 | AF35: 0 | AG35: 0 | AH35: 0 | AI35: 0 | AJ35: 0 | AK35: 0 | AL35: 0 | AM35: 0 | AN35: 0 | AO35: 0 | AP35: 0 | AQ35: 0 | AR35: 0 | AS35: 0 | AT35: 0 | AU35: 0 | AV35: 0 | AW35: 0 | AX35: 0 | AY35: 0 | AZ35: 0 | BA35: 0 | BB35: 0 | BC35: 0 | BD35: 1 | BE35: 0.0005 | BG35: =SUM(D35:BC43) -> 500
A36: 2 | B36: =B26 -> Rework Loss Type B | C36: =IF(OR(A$24>A36,A$24=A36),B$4,0) -> Product B | D36: 0 | E36: 0 | F36: 0 | G36: 0 | H36: 0 | I36: 0 | J36: 0 | K36: 0 | L36: 0 | M36: 0 | N36: 0 | O36: 0 | P36: 0 | Q36: 0 | R36: 0 | S36: 0 | T36: 0 | U36: 0 | V36: 0 | W36: 0 | X36: 0 | Y36: 0 | Z36: 0 | AA36: 0 | AB36: 0 | AC36: 0 | AD36: 0 | AE36: 0 | AF36: 0 | AG36: 0 | AH36: 0 | AI36: 0 | AJ36: 0 | AK36: 0 | AL36: 0 | AM36: 0 | AN36: 0 | AO36: 0 | AP36: 0 | AQ36: 0 | AR36: 0 | AS36: 0 | AT36: 0 | AU36: 0 | AV36: 0 | AW36: 0 | AX36: 0 | AY36: 0 | AZ36: 0 | BA36: 0 | BB36: 0 | BC36: 0 | BD36: 2 | BE36: =BE35 -> 0.0005
A37: 3 | B37: =B27 -> Rework Loss Type C | C37: =IF(OR(A$24>A37,A$24=A37),B$4,0) -> Product B | D37: 0 | E37: 0 | F37: 0 | G37: 0 | H37: 0 | I37: 0 | J37: 0 | K37: 0 | L37: 0 | M37: 0 | N37: 0 | O37: 0 | P37: 0 | Q37: 0 | R37: 0 | S37: 0 | T37: 0 | U37: 0 | V37: 0 | W37: 0 | X37: 0 | Y37: 0 | Z37: 0 | AA37: 0 | AB37: 0 | AC37: 0 | AD37: 0 | AE37: 0 | AF37: 0 | AG37: 0 | AH37: 0 | AI37: 0 | AJ37: 0 | AK37: 0 | AL37: 0 | AM37: 0 | AN37: 0 | AO37: 0 | AP37: 0 | AQ37: 0 | AR37: 0 | AS37: 0 | AT37: 0 | AU37: 0 | AV37: 0 | AW37: 0 | AX37: 0 | AY37: 0 | AZ37: 0 | BA37: 0 | BB37: 0 | BC37: 0 | BD37: 4 | BE37: =BE36 -> 0.0005
A38: 4 | B38: =B28 -> Rework Loss Type D | C38: =IF(OR(A$24>A38,A$24=A38),B$4,0) -> Product B | D38: 0 | E38: 0 | F38: 0 | G38: 0 | H38: 0 | I38: 0 | J38: 0 | K38: 0 | L38: 0 | M38: 0 | N38: 0 | O38: 0 | P38: 0 | Q38: 0 | R38: 0 | S38: 0 | T38: 0 | U38: 0 | V38: 0 | W38: 0 | X38: 0 | Y38: 0 | Z38: 0 | AA38: 0 | AB38: 0 | AC38: 0 | AD38: 0 | AE38: 0 | AF38: 0 | AG38: 0 | AH38: 0 | AI38: 0 | AJ38: 0 | AK38: 0 | AL38: 0 | AM38: 0 | AN38: 0 | AO38: 0 | AP38: 0 | AQ38: 0 | AR38: 0 | AS38: 0 | AT38: 0 | AU38: 0 | AV38: 0 | AW38: 0 | AX38: 0 | AY38: 0 | AZ38: 0 | BA38: 0 | BB38: 0 | BC38: 0 | BD38: 2 | BE38: =BE37 -> 0.0005
A39: 5 | B39: =B29 -> Rework Loss Type E | C39: =IF(OR(A$24>A39,A$24=A39),B$4,0) -> Product B | D39: 17 | E39: 19 | F39: 0 | G39: 13 | H39: 17 | I39: 19 | J39: 0 | K39: 7 | L39: 17 | M39: 19 | N39: 0 | O39: 0 | P39: 18 | Q39: 19 | R39: 0 | S39: 0 | T39: 17 | U39: 19 | V39: 0 | W39: 0 | X39: 17 | Y39: 19 | Z39: 0 | AA39: 0 | AB39: 17 | AC39: 19 | AD39: 0 | AE39: 0 | AF39: 17 | AG39: 19 | AH39: 0 | AI39: 0 | AJ39: 18 | AK39: 19 | AL39: 0 | AM39: 0 | AN39: 17 | AO39: 19 | AP39: 0 | AQ39: 0 | AR39: 17 | AS39: 19 | AT39: 0 | AU39: 10 | AV39: 18 | AW39: 20 | AX39: 0 | AY39: 9 | AZ39: 17 | BA39: 8 | BB39: 0 | BC39: 0 | BD39: 2 | BE39: =BE38 -> 0.0005
A40: 6 | B40: =B30 -> Rework Loss Type F | C40: =IF(OR(A$24>A40,A$24=A40),B$4,0) -> Product B | D40: 0 | E40: 0 | F40: 0 | G40: 0 | H40: 0 | I40: 0 | J40: 0 | K40: 0 | L40: 0 | M40: 0 | N40: 0 | O40: 0 | P40: 0 | Q40: 0 | R40: 0 | S40: 0 | T40: 0 | U40: 0 | V40: 0 | W40: 0 | X40: 0 | Y40: 0 | Z40: 0 | AA40: 0 | AB40: 0 | AC40: 0 | AD40: 0 | AE40: 0 | AF40: 0 | AG40: 0 | AH40: 0 | AI40: 0 | AJ40: 0 | AK40: 0 | AL40: 0 | AM40: 0 | AN40: 0 | AO40: 0 | AP40: 0 | AQ40: 0 | AR40: 0 | AS40: 0 | AT40: 0 | AU40: 0 | AV40: 0 | AW40: 0 | AX40: 0 | AY40: 0 | AZ40: 0 | BA40: 0 | BB40: 0 | BC40: 0 | BD40: 7 | BE40: =BE39 -> 0.0005
A41: 7 | B41: =B31 -> Rework Loss Type G | C41: =IF(OR(A$24>A41,A$24=A41),B$4,0) -> Product B | D41: 0 | E41: 0 | F41: 0 | G41: 0 | H41: 0 | I41: 0 | J41: 0 | K41: 0 | L41: 0 | M41: 0 | N41: 0 | O41: 0 | P41: 0 | Q41: 0 | R41: 0 | S41: 0 | T41: 0 | U41: 0 | V41: 0 | W41: 0 | X41: 0 | Y41: 0 | Z41: 0 | AA41: 0 | AB41: 0 | AC41: 0 | AD41: 0 | AE41: 0 | AF41: 0 | AG41: 0 | AH41: 0 | AI41: 0 | AJ41: 0 | AK41: 0 | AL41: 0 | AM41: 0 | AN41: 0 | AO41: 0 | AP41: 0 | AQ41: 0 | AR41: 0 | AS41: 0 | AT41: 0 | AU41: 0 | AV41: 0 | AW41: 0 | AX41: 0 | AY41: 0 | AZ41: 0 | BA41: 0 | BB41: 0 | BC41: 0 | BD41: 1 | BE41: =BE40 -> 0.0005
A42: 8 | B42: =B32 -> Rework Loss Type H | C42: =IF(OR(A$24>A42,A$24=A42),B$4,0) -> Product B | D42: 0 | E42: 0 | F42: 0 | G42: 0 | H42: 0 | I42: 0 | J42: 0 | K42: 0 | L42: 0 | M42: 0 | N42: 0 | O42: 0 | P42: 0 | Q42: 0 | R42: 0 | S42: 0 | T42: 0 | U42: 0 | V42: 0 | W42: 0 | X42: 0 | Y42: 0 | Z42: 0 | AA42: 0 | AB42: 0 | AC42: 0 | AD42: 0 | AE42: 0 | AF42: 0 | AG42: 0 | AH42: 0 | AI42: 0 | AJ42: 0 | AK42: 0 | AL42: 0 | AM42: 0 | AN42: 0 | AO42: 0 | AP42: 0 | AQ42: 0 | AR42: 0 | AS42: 0 | AT42: 0 | AU42: 0 | AV42: 0 | AW42: 0 | AX42: 0 | AY42: 0 | AZ42: 0 | BA42: 0 | BB42: 0 | BC42: 0 | BD42: 2 | BE42: =BE41 -> 0.0005
A43: 9 | B43: =B33 -> Rework Loss Type I | C43: =IF(OR(A$24>A43,A$24=A43),B$4,0) -> Product B | D43: 0 | E43: 0 | F43: 0 | G43: 0 | H43: 0 | I43: 0 | J43: 0 | K43: 0 | L43: 0 | M43: 0 | N43: 0 | O43: 0 | P43: 0 | Q43: 0 | R43: 0 | S43: 0 | T43: 0 | U43: 0 | V43: 0 | W43: 0 | X43: 0 | Y43: 0 | Z43: 0 | AA43: 0 | AB43: 0 | AC43: 0 | AD43: 0 | AE43: 0 | AF43: 0 | AG43: 0 | AH43: 0 | AI43: 0 | AJ43: 0 | AK43: 0 | AL43: 0 | AM43: 0 | AN43: 0 | AO43: 0 | AP43: 0 | AQ43: 0 | AR43: 0 | AS43: 0 | AT43: 0 | AU43: 0 | AV43: 0 | AW43: 0 | AX43: 0 | AY43: 0 | AZ43: 0 | BA43: 0 | BB43: 0 | BC43: 0 | BD43: 2 | BE43: =BE42 -> 0.0005
A44: 10 | C44: =IF(OR(A$24>A44,A$24=A44),B$4,0) -> 0 | D44: 1 | E44: =D44+1 -> 2 | F44: =E44+1 -> 3 | G44: =F44+1 -> 4 | H44: =G44+1 -> 5 | I44: =H44+1 -> 6 | J44: =I44+1 -> 7 | K44: =J44+1 -> 8 | L44: =K44+1 -> 9 | ... BC44: =BB44+1 -> 52
A45: 1 | B45: =B35 -> Rework Loss Type A | C45: =IF(OR(A$24>A45,A$24=A45),B$5,0) -> Product C | D45: 0 | E45: 0 | F45: 0 | G45: 0 | H45: 0 | I45: 0 | J45: 0 | K45: 0 | L45: 0 | M45: 0 | N45: 0 | O45: 0 | P45: 0 | Q45: 0 | R45: 0 | S45: 0 | T45: 0 | U45: 0 | V45: 0 | W45: 0 | X45: 0 | Y45: 0 | Z45: 0 | AA45: 0 | AB45: 0 | AC45: 0 | AD45: 0 | AE45: 0 | AF45: 0 | AG45: 0 | AH45: 0 | AI45: 0 | AJ45: 0 | AK45: 0 | AL45: 0 | AM45: 0 | AN45: 0 | AO45: 0 | AP45: 0 | AQ45: 0 | AR45: 0 | AS45: 0 | AT45: 0 | AU45: 0 | AV45: 0 | AW45: 0 | AX45: 0 | AY45: 0 | AZ45: 0 | BA45: 0 | BB45: 0 | BC45: 0 | BD45: 1 | BE45: 0.0003 | BG45: =SUM(D45:BC53) -> 758
A46: 2 | B46: =B36 -> Rework Loss Type B | C46: =IF(OR(A$24>A46,A$24=A46),B$5,0) -> Product C | D46: 0 | E46: 0 | F46: 0 | G46: 0 | H46: 0 | I46: 0 | J46: 0 | K46: 0 | L46: 0 | M46: 0 | N46: 0 | O46: 0 | P46: 0 | Q46: 0 | R46: 0 | S46: 0 | T46: 0 | U46: 0 | V46: 0 | W46: 0 | X46: 0 | Y46: 0 | Z46: 0 | AA46: 0 | AB46: 0 | AC46: 0 | AD46: 0 | AE46: 0 | AF46: 0 | AG46: 0 | AH46: 0 | AI46: 0 | AJ46: 0 | AK46: 0 | AL46: 0 | AM46: 0 | AN46: 0 | AO46: 0 | AP46: 0 | AQ46: 0 | AR46: 0 | AS46: 0 | AT46: 0 | AU46: 0 | AV46: 0 | AW46: 0 | AX46: 0 | AY46: 0 | AZ46: 0 | BA46: 0 | BB46: 0 | BC46: 0 | BD46: 2 | BE46: =BE45 -> 0.0003
A47: 3 | B47: =B37 -> Rework Loss Type C | C47: =IF(OR(A$24>A47,A$24=A47),B$5,0) -> Product C | D47: 0 | E47: 0 | F47: 0 | G47: 0 | H47: 0 | I47: 0 | J47: 0 | K47: 0 | L47: 0 | M47: 0 | N47: 0 | O47: 0 | P47: 0 | Q47: 0 | R47: 0 | S47: 0 | T47: 0 | U47: 0 | V47: 0 | W47: 0 | X47: 0 | Y47: 0 | Z47: 0 | AA47: 0 | AB47: 0 | AC47: 0 | AD47: 0 | AE47: 0 | AF47: 0 | AG47: 0 | AH47: 0 | AI47: 0 | AJ47: 0 | AK47: 0 | AL47: 0 | AM47: 0 | AN47: 0 | AO47: 0 | AP47: 0 | AQ47: 0 | AR47: 0 | AS47: 0 | AT47: 0 | AU47: 0 | AV47: 0 | AW47: 0 | AX47: 0 | AY47: 0 | AZ47: 0 | BA47: 0 | BB47: 0 | BC47: 0 | BD47: 3 | BE47: =BE46 -> 0.0003
A48: 4 | B48: =B38 -> Rework Loss Type D | C48: =IF(OR(A$24>A48,A$24=A48),B$5,0) -> Product C | D48: 0 | E48: 0 | F48: 0 | G48: 0 | H48: 0 | I48: 0 | J48: 0 | K48: 0 | L48: 0 | M48: 0 | N48: 0 | O48: 0 | P48: 0 | Q48: 0 | R48: 0 | S48: 0 | T48: 0 | U48: 0 | V48: 0 | W48: 0 | X48: 0 | Y48: 0 | Z48: 0 | AA48: 0 | AB48: 0 | AC48: 0 | AD48: 0 | AE48: 0 | AF48: 0 | AG48: 0 | AH48: 0 | AI48: 0 | AJ48: 0 | AK48: 0 | AL48: 0 | AM48: 0 | AN48: 0 | AO48: 0 | AP48: 0 | AQ48: 0 | AR48: 0 | AS48: 0 | AT48: 0 | AU48: 0 | AV48: 0 | AW48: 0 | AX48: 0 | AY48: 0 | AZ48: 0 | BA48: 0 | BB48: 0 | BC48: 0 | BD48: 2 | BE48: =BE47 -> 0.0003
A49: 5 | B49: =B39 -> Rework Loss Type E | C49: =IF(OR(A$24>A49,A$24=A49),B$5,0) -> Product C | D49: 0 | E49: 0 | F49: 0 | G49: 0 | H49: 0 | I49: 0 | J49: 0 | K49: 0 | L49: 0 | M49: 0 | N49: 0 | O49: 0 | P49: 0 | Q49: 0 | R49: 0 | S49: 0 | T49: 0 | U49: 0 | V49: 0 | W49: 0 | X49: 0 | Y49: 0 | Z49: 0 | AA49: 0 | AB49: 0 | AC49: 0 | AD49: 0 | AE49: 0 | AF49: 0 | AG49: 0 | AH49: 0 | AI49: 0 | AJ49: 0 | AK49: 0 | AL49: 0 | AM49: 0 | AN49: 0 | AO49: 0 | AP49: 0 | AQ49: 0 | AR49: 0 | AS49: 0 | AT49: 0 | AU49: 0 | AV49: 0 | AW49: 0 | AX49: 0 | AY49: 0 | AZ49: 0 | BA49: 0 | BB49: 0 | BC49: 0 | BD49: 6 | BE49: =BE48 -> 0.0003
A50: 6 | B50: =B40 -> Rework Loss Type F | C50: =IF(OR(A$24>A50,A$24=A50),B$5,0) -> Product C | D50: 0 | E50: 0 | F50: 0 | G50: 0 | H50: 0 | I50: 0 | J50: 0 | K50: 0 | L50: 0 | M50: 0 | N50: 0 | O50: 0 | P50: 0 | Q50: 0 | R50: 0 | S50: 0 | T50: 0 | U50: 0 | V50: 0 | W50: 0 | X50: 0 | Y50: 0 | Z50: 0 | AA50: 0 | AB50: 0 | AC50: 0 | AD50: 0 | AE50: 0 | AF50: 0 | AG50: 0 | AH50: 0 | AI50: 0 | AJ50: 0 | AK50: 0 | AL50: 0 | AM50: 0 | AN50: 0 | AO50: 0 | AP50: 0 | AQ50: 0 | AR50: 0 | AS50: 0 | AT50: 0 | AU50: 0 | AV50: 0 | AW50: 0 | AX50: 0 | AY50: 0 | AZ50: 0 | BA50: 0 | BB50: 0 | BC50: 0 | BD50: 1 | BE50: =BE49 -> 0.0003
A51: 7 | B51: =B41 -> Rework Loss Type G | C51: =IF(OR(A$24>A51,A$24=A51),B$5,0) -> Product C | D51: 22 | E51: 17 | F51: 19 | G51: 0 | H51: 22 | I51: 17 | J51: 19 | K51: 0 | L51: 22 | M51: 17 | N51: 19 | O51: 0 | P51: 21 | Q51: 17 | R51: 19 | S51: 0 | T51: 22 | U51: 17 | V51: 20 | W51: 0 | X51: 22 | Y51: 17 | Z51: 20 | AA51: 0 | AB51: 22 | AC51: 17 | AD51: 19 | AE51: 0 | AF51: 22 | AG51: 18 | AH51: 19 | AI51: 0 | AJ51: 21 | AK51: 17 | AL51: 20 | AM51: 0 | AN51: 22 | AO51: 17 | AP51: 20 | AQ51: 0 | AR51: 22 | AS51: 17 | AT51: 19 | AU51: 0 | AV51: 22 | AW51: 17 | AX51: 19 | AY51: 0 | AZ51: 22 | BA51: 17 | BB51: 20 | BC51: 0 | BD51: 1 | BE51: =BE50 -> 0.0003
A52: 8 | B52: =B42 -> Rework Loss Type H | C52: =IF(OR(A$24>A52,A$24=A52),B$5,0) -> Product C | D52: 0 | E52: 0 | F52: 0 | G52: 0 | H52: 0 | I52: 0 | J52: 0 | K52: 0 | L52: 0 | M52: 0 | N52: 0 | O52: 0 | P52: 0 | Q52: 0 | R52: 0 | S52: 0 | T52: 0 | U52: 0 | V52: 0 | W52: 0 | X52: 0 | Y52: 0 | Z52: 0 | AA52: 0 | AB52: 0 | AC52: 0 | AD52: 0 | AE52: 0 | AF52: 0 | AG52: 0 | AH52: 0 | AI52: 0 | AJ52: 0 | AK52: 0 | AL52: 0 | AM52: 0 | AN52: 0 | AO52: 0 | AP52: 0 | AQ52: 0 | AR52: 0 | AS52: 0 | AT52: 0 | AU52: 0 | AV52: 0 | AW52: 0 | AX52: 0 | AY52: 0 | AZ52: 0 | BA52: 0 | BB52: 0 | BC52: 0 | BD52: 2 | BE52: =BE51 -> 0.0003
A53: 9 | B53: =B43 -> Rework Loss Type I | C53: =IF(OR(A$24>A53,A$24=A53),B$5,0) -> Product C | D53: 0 | E53: 0 | F53: 0 | G53: 0 | H53: 0 | I53: 0 | J53: 0 | K53: 0 | L53: 0 | M53: 0 | N53: 0 | O53: 0 | P53: 0 | Q53: 0 | R53: 0 | S53: 0 | T53: 0 | U53: 0 | V53: 0 | W53: 0 | X53: 0 | Y53: 0 | Z53: 0 | AA53: 0 | AB53: 0 | AC53: 0 | AD53: 0 | AE53: 0 | AF53: 0 | AG53: 0 | AH53: 0 | AI53: 0 | AJ53: 0 | AK53: 0 | AL53: 0 | AM53: 0 | AN53: 0 | AO53: 0 | AP53: 0 | AQ53: 0 | AR53: 0 | AS53: 0 | AT53: 0 | AU53: 0 | AV53: 0 | AW53: 0 | AX53: 0 | AY53: 0 | AZ53: 0 | BA53: 0 | BB53: 0 | BC53: 0 | BD53: 2 | BE53: =BE52 -> 0.0003
A54: 10 | C54: =IF(OR(A$24>A54,A$24=A54),B$5,0) -> 0 | D54: 1 | E54: =D54+1 -> 2 | F54: =E54+1 -> 3 | G54: =F54+1 -> 4 | H54: =G54+1 -> 5 | I54: =H54+1 -> 6 | J54: =I54+1 -> 7 | K54: =J54+1 -> 8 | L54: =K54+1 -> 9 | ... BC54: =BB54+1 -> 52
A55: 1 | B55: =B45 -> Rework Loss Type A | C55: =IF(OR(A$24>A55,A$24=A55),B$6,0) -> Product D | D55: 0 | E55: 0 | F55: 0 | G55: 0 | H55: 0 | I55: 0 | J55: 0 | K55: 0 | L55: 0 | M55: 0 | N55: 0 | O55: 0 | P55: 0 | Q55: 0 | R55: 0 | S55: 0 | T55: 0 | U55: 0 | V55: 0 | W55: 0 | X55: 0 | Y55: 0 | Z55: 0 | AA55: 0 | AB55: 0 | AC55: 0 | AD55: 0 | AE55: 0 | AF55: 0 | AG55: 0 | AH55: 0 | AI55: 0 | AJ55: 0 | AK55: 0 | AL55: 0 | AM55: 0 | AN55: 0 | AO55: 0 | AP55: 0 | AQ55: 0 | AR55: 0 | AS55: 0 | AT55: 0 | AU55: 0 | AV55: 0 | AW55: 0 | AX55: 0 | AY55: 0 | AZ55: 0 | BA55: 0 | BB55: 0 | BC55: 0 | BD55: 1 | BE55: 0.0005 | BG55: =SUM(D55:BC63) -> 1065
A56: 2 | B56: =B46 -> Rework Loss Type B | C56: =IF(OR(A$24>A56,A$24=A56),B$6,0) -> Product D | D56: 0 | E56: 0 | F56: 0 | G56: 0 | H56: 0 | I56: 0 | J56: 0 | K56: 0 | L56: 0 | M56: 0 | N56: 0 | O56: 0 | P56: 0 | Q56: 0 | R56: 0 | S56: 0 | T56: 0 | U56: 0 | V56: 0 | W56: 0 | X56: 0 | Y56: 0 | Z56: 0 | AA56: 0 | AB56: 0 | AC56: 0 | AD56: 0 | AE56: 0 | AF56: 0 | AG56: 0 | AH56: 0 | AI56: 0 | AJ56: 0 | AK56: 0 | AL56: 0 | AM56: 0 | AN56: 0 | AO56: 0 | AP56: 0 | AQ56: 0 | AR56: 0 | AS56: 0 | AT56: 0 | AU56: 0 | AV56: 0 | AW56: 0 | AX56: 0 | AY56: 0 | AZ56: 0 | BA56: 0 | BB56: 0 | BC56: 0 | BD56: 2 | BE56: =BE55 -> 0.0005
A57: 3 | B57: =B47 -> Rework Loss Type C | C57: =IF(OR(A$24>A57,A$24=A57),B$6,0) -> Product D | D57: 0 | E57: 0 | F57: 0 | G57: 0 | H57: 0 | I57: 0 | J57: 0 | K57: 0 | L57: 0 | M57: 0 | N57: 0 | O57: 0 | P57: 0 | Q57: 0 | R57: 0 | S57: 0 | T57: 0 | U57: 0 | V57: 0 | W57: 0 | X57: 0 | Y57: 0 | Z57: 0 | AA57: 0 | AB57: 0 | AC57: 0 | AD57: 0 | AE57: 0 | AF57: 0 | AG57: 0 | AH57: 0 | AI57: 0 | AJ57: 0 | AK57: 0 | AL57: 0 | AM57: 0 | AN57: 0 | AO57: 0 | AP57: 0 | AQ57: 0 | AR57: 0 | AS57: 0 | AT57: 0 | AU57: 0 | AV57: 0 | AW57: 0 | AX57: 0 | AY57: 0 | AZ57: 0 | BA57: 0 | BB57: 0 | BC57: 0 | BD57: 2.3 | BE57: =BE56 -> 0.0005
A58: 4 | B58: =B48 -> Rework Loss Type D | C58: =IF(OR(A$24>A58,A$24=A58),B$6,0) -> Product D | D58: 28 | E58: 21 | F58: 17 | G58: 19 | H58: 19 | I58: 22 | J58: 18 | K58: 19 | L58: 28 | M58: 22 | N58: 17 | O58: 20 | P58: 28 | Q58: 22 | R58: 17 | S58: 19 | T58: 19 | U58: 17 | V58: 17 | W58: 19 | X58: 28 | Y58: 22 | Z58: 17 | AA58: 15 | AB58: 28 | AC58: 22 | AD58: 17 | AE58: 19 | AF58: 19 | AG58: 21 | AH58: 17 | AI58: 19 | AJ58: 28 | AK58: 22 | AL58: 17 | AM58: 15 | AN58: 28 | AO58: 22 | AP58: 17 | AQ58: 19 | AR58: 20 | AS58: 22 | AT58: 17 | AU58: 19 | AV58: 28 | AW58: 22 | AX58: 17 | AY58: 18 | AZ58: 28 | BA58: 22 | BB58: 17 | BC58: 15 | BD58: 2 | BE58: =BE57 -> 0.0005
A59: 5 | B59: =B49 -> Rework Loss Type E | C59: =IF(OR(A$24>A59,A$24=A59),B$6,0) -> Product D | D59: 0 | E59: 0 | F59: 0 | G59: 0 | H59: 0 | I59: 0 | J59: 0 | K59: 0 | L59: 0 | M59: 0 | N59: 0 | O59: 0 | P59: 0 | Q59: 0 | R59: 0 | S59: 0 | T59: 0 | U59: 0 | V59: 0 | W59: 0 | X59: 0 | Y59: 0 | Z59: 0 | AA59: 0 | AB59: 0 | AC59: 0 | AD59: 0 | AE59: 0 | AF59: 0 | AG59: 0 | AH59: 0 | AI59: 0 | AJ59: 0 | AK59: 0 | AL59: 0 | AM59: 0 | AN59: 0 | AO59: 0 | AP59: 0 | AQ59: 0 | AR59: 0 | AS59: 0 | AT59: 0 | AU59: 0 | AV59: 0 | AW59: 0 | AX59: 0 | AY59: 0 | AZ59: 0 | BA59: 0 | BB59: 0 | BC59: 0 | BD59: 2 | BE59: =BE58 -> 0.0005
A60: 6 | B60: =B50 -> Rework Loss Type F | C60: =IF(OR(A$24>A60,A$24=A60),B$6,0) -> Product D | D60: 0 | E60: 0 | F60: 0 | G60: 0 | H60: 0 | I60: 0 | J60: 0 | K60: 0 | L60: 0 | M60: 0 | N60: 0 | O60: 0 | P60: 0 | Q60: 0 | R60: 0 | S60: 0 | T60: 0 | U60: 0 | V60: 0 | W60: 0 | X60: 0 | Y60: 0 | Z60: 0 | AA60: 0 | AB60: 0 | AC60: 0 | AD60: 0 | AE60: 0 | AF60: 0 | AG60: 0 | AH60: 0 | AI60: 0 | AJ60: 0 | AK60: 0 | AL60: 0 | AM60: 0 | AN60: 0 | AO60: 0 | AP60: 0 | AQ60: 0 | AR60: 0 | AS60: 0 | AT60: 0 | AU60: 0 | AV60: 0 | AW60: 0 | AX60: 0 | AY60: 0 | AZ60: 0 | BA60: 0 | BB60: 0 | BC60: 0 | BD60: 1 | BE60: =BE59 -> 0.0005
A61: 7 | B61: =B51 -> Rework Loss Type G | C61: =IF(OR(A$24>A61,A$24=A61),B$6,0) -> Product D | D61: 0 | E61: 0 | F61: 0 | G61: 0 | H61: 0 | I61: 0 | J61: 0 | K61: 0 | L61: 0 | M61: 0 | N61: 0 | O61: 0 | P61: 0 | Q61: 0 | R61: 0 | S61: 0 | T61: 0 | U61: 0 | V61: 0 | W61: 0 | X61: 0 | Y61: 0 | Z61: 0 | AA61: 0 | AB61: 0 | AC61: 0 | AD61: 0 | AE61: 0 | AF61: 0 | AG61: 0 | AH61: 0 | AI61: 0 | AJ61: 0 | AK61: 0 | AL61: 0 | AM61: 0 | AN61: 0 | AO61: 0 | AP61: 0 | AQ61: 0 | AR61: 0 | AS61: 0 | AT61: 0 | AU61: 0 | AV61: 0 | AW61: 0 | AX61: 0 | AY61: 0 | AZ61: 0 | BA61: 0 | BB61: 0 | BC61: 0 | BD61: 4.5 | BE61: =BE60 -> 0.0005
A62: 8 | B62: =B52 -> Rework Loss Type H | C62: =IF(OR(A$24>A62,A$24=A62),B$6,0) -> Product D | D62: 0 | E62: 0 | F62: 0 | G62: 0 | H62: 0 | I62: 0 | J62: 0 | K62: 0 | L62: 0 | M62: 0 | N62: 0 | O62: 0 | P62: 0 | Q62: 0 | R62: 0 | S62: 0 | T62: 0 | U62: 0 | V62: 0 | W62: 0 | X62: 0 | Y62: 0 | Z62: 0 | AA62: 0 | AB62: 0 | AC62: 0 | AD62: 0 | AE62: 0 | AF62: 0 | AG62: 0 | AH62: 0 | AI62: 0 | AJ62: 0 | AK62: 0 | AL62: 0 | AM62: 0 | AN62: 0 | AO62: 0 | AP62: 0 | AQ62: 0 | AR62: 0 | AS62: 0 | AT62: 0 | AU62: 0 | AV62: 0 | AW62: 0 | AX62: 0 | AY62: 0 | AZ62: 0 | BA62: 0 | BB62: 0 | BC62: 0 | BD62: 2 | BE62: =BE61 -> 0.0005
A63: 9 | B63: =B53 -> Rework Loss Type I | C63: =IF(OR(A$24>A63,A$24=A63),B$6,0) -> Product D | D63: 0 | E63: 0 | F63: 0 | G63: 0 | H63: 0 | I63: 0 | J63: 0 | K63: 0 | L63: 0 | M63: 0 | N63: 0 | O63: 0 | P63: 0 | Q63: 0 | R63: 0 | S63: 0 | T63: 0 | U63: 0 | V63: 0 | W63: 0 | X63: 0 | Y63: 0 | Z63: 0 | AA63: 0 | AB63: 0 | AC63: 0 | AD63: 0 | AE63: 0 | AF63: 0 | AG63: 0 | AH63: 0 | AI63: 0 | AJ63: 0 | AK63: 0 | AL63: 0 | AM63: 0 | AN63: 0 | AO63: 0 | AP63: 0 | AQ63: 0 | AR63: 0 | AS63: 0 | AT63: 0 | AU63: 0 | AV63: 0 | AW63: 0 | AX63: 0 | AY63: 0 | AZ63: 0 | BA63: 0 | BB63: 0 | BC63: 0 | BD63: 2 | BE63: =BE62 -> 0.0005
A64: 10 | C64: =IF(OR(A$24>A64,A$24=A64),B$6,0) -> 0 | D64: 1 | E64: =D64+1 -> 2 | F64: =E64+1 -> 3 | G64: =F64+1 -> 4 | H64: =G64+1 -> 5 | I64: =H64+1 -> 6 | J64: =I64+1 -> 7 | K64: =J64+1 -> 8 | L64: =K64+1 -> 9 | ... BC64: =BB64+1 -> 52
A65: 1 | B65: =B55 -> Rework Loss Type A | C65: =IF(OR(A$24>A65,A$24=A65),B$7,0) -> Product E | D65: 0 | E65: 0 | F65: 0 | G65: 0 | H65: 0 | I65: 0 | J65: 0 | K65: 0 | L65: 0 | M65: 0 | N65: 0 | O65: 0 | P65: 0 | Q65: 0 | R65: 0 | S65: 0 | T65: 0 | U65: 0 | V65: 0 | W65: 0 | X65: 0 | Y65: 0 | Z65: 0 | AA65: 0 | AB65: 0 | AC65: 0 | AD65: 0 | AE65: 0 | AF65: 0 | AG65: 0 | AH65: 0 | AI65: 0 | AJ65: 0 | AK65: 0 | AL65: 0 | AM65: 0 | AN65: 0 | AO65: 0 | AP65: 0 | AQ65: 0 | AR65: 0 | AS65: 0 | AT65: 0 | AU65: 0 | AV65: 0 | AW65: 0 | AX65: 0 | AY65: 0 | AZ65: 0 | BA65: 0 | BB65: 0 | BC65: 0 | BD65: 1 | BE65: 0.0004 | BG65: =SUM(D65:BC73) -> 951
A66: 2 | B66: =B56 -> Rework Loss Type B | C66: =IF(OR(A$24>A66,A$24=A66),B$7,0) -> Product E | D66: 0 | E66: 0 | F66: 0 | G66: 0 | H66: 0 | I66: 0 | J66: 0 | K66: 0 | L66: 0 | M66: 0 | N66: 0 | O66: 0 | P66: 0 | Q66: 0 | R66: 0 | S66: 0 | T66: 0 | U66: 0 | V66: 0 | W66: 0 | X66: 0 | Y66: 0 | Z66: 0 | AA66: 0 | AB66: 0 | AC66: 0 | AD66: 0 | AE66: 0 | AF66: 0 | AG66: 0 | AH66: 0 | AI66: 0 | AJ66: 0 | AK66: 0 | AL66: 0 | AM66: 0 | AN66: 0 | AO66: 0 | AP66: 0 | AQ66: 0 | AR66: 0 | AS66: 0 | AT66: 0 | AU66: 0 | AV66: 0 | AW66: 0 | AX66: 0 | AY66: 0 | AZ66: 0 | BA66: 0 | BB66: 0 | BC66: 0 | BD66: 2 | BE66: =BE65 -> 0.0004
A67: 3 | B67: =B57 -> Rework Loss Type C | C67: =IF(OR(A$24>A67,A$24=A67),B$7,0) -> Product E | D67: 0 | E67: 0 | F67: 0 | G67: 0 | H67: 0 | I67: 0 | J67: 0 | K67: 0 | L67: 0 | M67: 0 | N67: 0 | O67: 0 | P67: 0 | Q67: 0 | R67: 0 | S67: 0 | T67: 0 | U67: 0 | V67: 0 | W67: 0 | X67: 0 | Y67: 0 | Z67: 0 | AA67: 0 | AB67: 0 | AC67: 0 | AD67: 0 | AE67: 0 | AF67: 0 | AG67: 0 | AH67: 0 | AI67: 0 | AJ67: 0 | AK67: 0 | AL67: 0 | AM67: 0 | AN67: 0 | AO67: 0 | AP67: 0 | AQ67: 0 | AR67: 0 | AS67: 0 | AT67: 0 | AU67: 0 | AV67: 0 | AW67: 0 | AX67: 0 | AY67: 0 | AZ67: 0 | BA67: 0 | BB67: 0 | BC67: 0 | BD67: 6.3 | BE67: =BE66 -> 0.0004
A68: 4 | B68: =B58 -> Rework Loss Type D | C68: =IF(OR(A$24>A68,A$24=A68),B$7,0) -> Product E | D68: 0 | E68: 0 | F68: 0 | G68: 0 | H68: 0 | I68: 0 | J68: 0 | K68: 0 | L68: 0 | M68: 0 | N68: 0 | O68: 0 | P68: 0 | Q68: 0 | R68: 0 | S68: 0 | T68: 0 | U68: 0 | V68: 0 | W68: 0 | X68: 0 | Y68: 0 | Z68: 0 | AA68: 0 | AB68: 0 | AC68: 0 | AD68: 0 | AE68: 0 | AF68: 0 | AG68: 0 | AH68: 0 | AI68: 0 | AJ68: 0 | AK68: 0 | AL68: 0 | AM68: 0 | AN68: 0 | AO68: 0 | AP68: 0 | AQ68: 0 | AR68: 0 | AS68: 0 | AT68: 0 | AU68: 0 | AV68: 0 | AW68: 0 | AX68: 0 | AY68: 0 | AZ68: 0 | BA68: 0 | BB68: 0 | BC68: 0 | BD68: 2 | BE68: =BE67 -> 0.0004
A69: 5 | B69: =B59 -> Rework Loss Type E | C69: =IF(OR(A$24>A69,A$24=A69),B$7,0) -> Product E | D69: 0 | E69: 0 | F69: 0 | G69: 0 | H69: 0 | I69: 0 | J69: 0 | K69: 0 | L69: 0 | M69: 0 | N69: 0 | O69: 0 | P69: 0 | Q69: 0 | R69: 0 | S69: 0 | T69: 0 | U69: 0 | V69: 0 | W69: 0 | X69: 0 | Y69: 0 | Z69: 0 | AA69: 0 | AB69: 0 | AC69: 0 | AD69: 0 | AE69: 0 | AF69: 0 | AG69: 0 | AH69: 0 | AI69: 0 | AJ69: 0 | AK69: 0 | AL69: 0 | AM69: 0 | AN69: 0 | AO69: 0 | AP69: 0 | AQ69: 0 | AR69: 0 | AS69: 0 | AT69: 0 | AU69: 0 | AV69: 0 | AW69: 0 | AX69: 0 | AY69: 0 | AZ69: 0 | BA69: 0 | BB69: 0 | BC69: 0 | BD69: 2 | BE69: =BE68 -> 0.0004
A70: 6 | B70: =B60 -> Rework Loss Type F | C70: =IF(OR(A$24>A70,A$24=A70),B$7,0) -> Product E | D70: 0 | E70: 0 | F70: 0 | G70: 0 | H70: 0 | I70: 0 | J70: 0 | K70: 0 | L70: 0 | M70: 0 | N70: 0 | O70: 0 | P70: 0 | Q70: 0 | R70: 0 | S70: 0 | T70: 0 | U70: 0 | V70: 0 | W70: 0 | X70: 0 | Y70: 0 | Z70: 0 | AA70: 0 | AB70: 0 | AC70: 0 | AD70: 0 | AE70: 0 | AF70: 0 | AG70: 0 | AH70: 0 | AI70: 0 | AJ70: 0 | AK70: 0 | AL70: 0 | AM70: 0 | AN70: 0 | AO70: 0 | AP70: 0 | AQ70: 0 | AR70: 0 | AS70: 0 | AT70: 0 | AU70: 0 | AV70: 0 | AW70: 0 | AX70: 0 | AY70: 0 | AZ70: 0 | BA70: 0 | BB70: 0 | BC70: 0 | BD70: 1 | BE70: =BE69 -> 0.0004
A71: 7 | B71: =B61 -> Rework Loss Type G | C71: =IF(OR(A$24>A71,A$24=A71),B$7,0) -> Product E | D71: 0 | E71: 0 | F71: 0 | G71: 0 | H71: 0 | I71: 0 | J71: 0 | K71: 0 | L71: 0 | M71: 0 | N71: 0 | O71: 0 | P71: 0 | Q71: 0 | R71: 0 | S71: 0 | T71: 0 | U71: 0 | V71: 0 | W71: 0 | X71: 0 | Y71: 0 | Z71: 0 | AA71: 0 | AB71: 0 | AC71: 0 | AD71: 0 | AE71: 0 | AF71: 0 | AG71: 0 | AH71: 0 | AI71: 0 | AJ71: 0 | AK71: 0 | AL71: 0 | AM71: 0 | AN71: 0 | AO71: 0 | AP71: 0 | AQ71: 0 | AR71: 0 | AS71: 0 | AT71: 0 | AU71: 0 | AV71: 0 | AW71: 0 | AX71: 0 | AY71: 0 | AZ71: 0 | BA71: 0 | BB71: 0 | BC71: 0 | BD71: 1 | BE71: =BE70 -> 0.0004
A72: 8 | B72: =B62 -> Rework Loss Type H | C72: =IF(OR(A$24>A72,A$24=A72),B$7,0) -> Product E | D72: 11 | E72: 29 | F72: 22 | G72: 17 | H72: 11 | I72: 24 | J72: 22 | K72: 17 | L72: 11 | M72: 15 | N72: 13 | O72: 17 | P72: 11 | Q72: 28 | R72: 22 | S72: 17 | T72: 11 | U72: 28 | V72: 22 | W72: 17 | X72: 11 | Y72: 15 | Z72: 22 | AA72: 17 | AB72: 11 | AC72: 28 | AD72: 22 | AE72: 17 | AF72: 10 | AG72: 23 | AH72: 22 | AI72: 17 | AJ72: 11 | AK72: 15 | AL72: 21 | AM72: 17 | AN72: 11 | AO72: 28 | AP72: 22 | AQ72: 17 | AR72: 11 | AS72: 24 | AT72: 21 | AU72: 18 | AV72: 11 | AW72: 28 | AX72: 22 | AY72: 17 | AZ72: 11 | BA72: 28 | BB72: 21 | BC72: 17 | BD72: 2 | BE72: =BE71 -> 0.0004
A73: 9 | B73: =B63 -> Rework Loss Type I | C73: =IF(OR(A$24>A73,A$24=A73),B$7,0) -> Product E | D73: 0 | E73: 0 | F73: 0 | G73: 0 | H73: 0 | I73: 0 | J73: 0 | K73: 0 | L73: 0 | M73: 0 | N73: 0 | O73: 0 | P73: 0 | Q73: 0 | R73: 0 | S73: 0 | T73: 0 | U73: 0 | V73: 0 | W73: 0 | X73: 0 | Y73: 0 | Z73: 0 | AA73: 0 | AB73: 0 | AC73: 0 | AD73: 0 | AE73: 0 | AF73: 0 | AG73: 0 | AH73: 0 | AI73: 0 | AJ73: 0 | AK73: 0 | AL73: 0 | AM73: 0 | AN73: 0 | AO73: 0 | AP73: 0 | AQ73: 0 | AR73: 0 | AS73: 0 | AT73: 0 | AU73: 0 | AV73: 0 | AW73: 0 | AX73: 0 | AY73: 0 | AZ73: 0 | BA73: 0 | BB73: 0 | BC73: 0 | BD73: 2 | BE73: =BE72 -> 0.0004
A74: 10 | C74: =IF(OR(A$24>A74,A$24=A74),B$7,0) -> 0 | D74: 1 | E74: =D74+1 -> 2 | F74: =E74+1 -> 3 | G74: =F74+1 -> 4 | H74: =G74+1 -> 5 | I74: =H74+1 -> 6 | J74: =I74+1 -> 7 | K74: =J74+1 -> 8 | L74: =K74+1 -> 9 | ... BC74: =BB74+1 -> 52
A75: 1 | B75: =B65 -> Rework Loss Type A | C75: =IF(OR(A$24>A75,A$24=A75),B$8,0) -> Product F | D75: 0 | E75: 0 | F75: 0 | G75: 0 | H75: 0 | I75: 0 | J75: 0 | K75: 0 | L75: 0 | M75: 0 | N75: 0 | O75: 0 | P75: 0 | Q75: 0 | R75: 0 | S75: 0 | T75: 0 | U75: 0 | V75: 0 | W75: 0 | X75: 0 | Y75: 0 | Z75: 0 | AA75: 0 | AB75: 0 | AC75: 0 | AD75: 0 | AE75: 0 | AF75: 0 | AG75: 0 | AH75: 0 | AI75: 0 | AJ75: 0 | AK75: 0 | AL75: 0 | AM75: 0 | AN75: 0 | AO75: 0 | AP75: 0 | AQ75: 0 | AR75: 0 | AS75: 0 | AT75: 0 | AU75: 0 | AV75: 0 | AW75: 0 | AX75: 0 | AY75: 0 | AZ75: 0 | BA75: 0 | BB75: 0 | BC75: 0 | BD75: 1 | BE75: 0.0004 | BG75: =SUM(D75:BC83) -> 755
A76: 2 | B76: =B66 -> Rework Loss Type B | C76: =IF(OR(A$24>A76,A$24=A76),B$8,0) -> Product F | D76: 0 | E76: 0 | F76: 0 | G76: 0 | H76: 0 | I76: 0 | J76: 0 | K76: 0 | L76: 0 | M76: 0 | N76: 0 | O76: 0 | P76: 0 | Q76: 0 | R76: 0 | S76: 0 | T76: 0 | U76: 0 | V76: 0 | W76: 0 | X76: 0 | Y76: 0 | Z76: 0 | AA76: 0 | AB76: 0 | AC76: 0 | AD76: 0 | AE76: 0 | AF76: 0 | AG76: 0 | AH76: 0 | AI76: 0 | AJ76: 0 | AK76: 0 | AL76: 0 | AM76: 0 | AN76: 0 | AO76: 0 | AP76: 0 | AQ76: 0 | AR76: 0 | AS76: 0 | AT76: 0 | AU76: 0 | AV76: 0 | AW76: 0 | AX76: 0 | AY76: 0 | AZ76: 0 | BA76: 0 | BB76: 0 | BC76: 0 | BD76: 2.8 | BE76: =BE75 -> 0.0004
A77: 3 | B77: =B67 -> Rework Loss Type C | C77: =IF(OR(A$24>A77,A$24=A77),B$8,0) -> Product F | D77: 0 | E77: 11 | F77: 28 | G77: 0 | H77: 0 | I77: 11 | J77: 29 | K77: 21 | L77: 13 | M77: 11 | N77: 28 | O77: 22 | P77: 0 | Q77: 11 | R77: 28 | S77: 22 | T77: 0 | U77: 11 | V77: 28 | W77: 22 | X77: 0 | Y77: 11 | Z77: 20 | AA77: 22 | AB77: 0 | AC77: 11 | AD77: 28 | AE77: 9 | AF77: 0 | AG77: 11 | AH77: 28 | AI77: 22 | AJ77: 0 | AK77: 11 | AL77: 19 | AM77: 21 | AN77: 0 | AO77: 11 | AP77: 28 | AQ77: 9 | AR77: 0 | AS77: 11 | AT77: 28 | AU77: 22 | AV77: 11 | AW77: 11 | AX77: 28 | AY77: 22 | AZ77: 13 | BA77: 11 | BB77: 19 | BC77: 22 | BD77: 2 | BE77: =BE76 -> 0.0004
A78: 4 | B78: =B68 -> Rework Loss Type D | C78: =IF(OR(A$24>A78,A$24=A78),B$8,0) -> Product F | D78: 0 | E78: 0 | F78: 0 | G78: 0 | H78: 0 | I78: 0 | J78: 0 | K78: 0 | L78: 0 | M78: 0 | N78: 0 | O78: 0 | P78: 0 | Q78: 0 | R78: 0 | S78: 0 | T78: 0 | U78: 0 | V78: 0 | W78: 0 | X78: 0 | Y78: 0 | Z78: 0 | AA78: 0 | AB78: 0 | AC78: 0 | AD78: 0 | AE78: 0 | AF78: 0 | AG78: 0 | AH78: 0 | AI78: 0 | AJ78: 0 | AK78: 0 | AL78: 0 | AM78: 0 | AN78: 0 | AO78: 0 | AP78: 0 | AQ78: 0 | AR78: 0 | AS78: 0 | AT78: 0 | AU78: 0 | AV78: 0 | AW78: 0 | AX78: 0 | AY78: 0 | AZ78: 0 | BA78: 0 | BB78: 0 | BC78: 0 | BD78: 2 | BE78: =BE77 -> 0.0004
A79: 5 | B79: =B69 -> Rework Loss Type E | C79: =IF(OR(A$24>A79,A$24=A79),B$8,0) -> Product F | D79: 0 | E79: 0 | F79: 0 | G79: 0 | H79: 0 | I79: 0 | J79: 0 | K79: 0 | L79: 0 | M79: 0 | N79: 0 | O79: 0 | P79: 0 | Q79: 0 | R79: 0 | S79: 0 | T79: 0 | U79: 0 | V79: 0 | W79: 0 | X79: 0 | Y79: 0 | Z79: 0 | AA79: 0 | AB79: 0 | AC79: 0 | AD79: 0 | AE79: 0 | AF79: 0 | AG79: 0 | AH79: 0 | AI79: 0 | AJ79: 0 | AK79: 0 | AL79: 0 | AM79: 0 | AN79: 0 | AO79: 0 | AP79: 0 | AQ79: 0 | AR79: 0 | AS79: 0 | AT79: 0 | AU79: 0 | AV79: 0 | AW79: 0 | AX79: 0 | AY79: 0 | AZ79: 0 | BA79: 0 | BB79: 0 | BC79: 0 | BD79: 2 | BE79: =BE78 -> 0.0004
A80: 6 | B80: =B70 -> Rework Loss Type F | C80: =IF(OR(A$24>A80,A$24=A80),B$8,0) -> Product F | D80: 0 | E80: 0 | F80: 0 | G80: 0 | H80: 0 | I80: 0 | J80: 0 | K80: 0 | L80: 0 | M80: 0 | N80: 0 | O80: 0 | P80: 0 | Q80: 0 | R80: 0 | S80: 0 | T80: 0 | U80: 0 | V80: 0 | W80: 0 | X80: 0 | Y80: 0 | Z80: 0 | AA80: 0 | AB80: 0 | AC80: 0 | AD80: 0 | AE80: 0 | AF80: 0 | AG80: 0 | AH80: 0 | AI80: 0 | AJ80: 0 | AK80: 0 | AL80: 0 | AM80: 0 | AN80: 0 | AO80: 0 | AP80: 0 | AQ80: 0 | AR80: 0 | AS80: 0 | AT80: 0 | AU80: 0 | AV80: 0 | AW80: 0 | AX80: 0 | AY80: 0 | AZ80: 0 | BA80: 0 | BB80: 0 | BC80: 0 | BD80: 1 | BE80: =BE79 -> 0.0004
A81: 7 | B81: =B71 -> Rework Loss Type G | C81: =IF(OR(A$24>A81,A$24=A81),B$8,0) -> Product F | D81: 0 | E81: 0 | F81: 0 | G81: 0 | H81: 0 | I81: 0 | J81: 0 | K81: 0 | L81: 0 | M81: 0 | N81: 0 | O81: 0 | P81: 0 | Q81: 0 | R81: 0 | S81: 0 | T81: 0 | U81: 0 | V81: 0 | W81: 0 | X81: 0 | Y81: 0 | Z81: 0 | AA81: 0 | AB81: 0 | AC81: 0 | AD81: 0 | AE81: 0 | AF81: 0 | AG81: 0 | AH81: 0 | AI81: 0 | AJ81: 0 | AK81: 0 | AL81: 0 | AM81: 0 | AN81: 0 | AO81: 0 | AP81: 0 | AQ81: 0 | AR81: 0 | AS81: 0 | AT81: 0 | AU81: 0 | AV81: 0 | AW81: 0 | AX81: 0 | AY81: 0 | AZ81: 0 | BA81: 0 | BB81: 0 | BC81: 0 | BD81: 5 | BE81: =BE80 -> 0.0004
A82: 8 | B82: =B72 -> Rework Loss Type H | C82: =IF(OR(A$24>A82,A$24=A82),B$8,0) -> Product F | D82: 0 | E82: 0 | F82: 0 | G82: 0 | H82: 0 | I82: 0 | J82: 0 | K82: 0 | L82: 0 | M82: 0 | N82: 0 | O82: 0 | P82: 0 | Q82: 0 | R82: 0 | S82: 0 | T82: 0 | U82: 0 | V82: 0 | W82: 0 | X82: 0 | Y82: 0 | Z82: 0 | AA82: 0 | AB82: 0 | AC82: 0 | AD82: 0 | AE82: 0 | AF82: 0 | AG82: 0 | AH82: 0 | AI82: 0 | AJ82: 0 | AK82: 0 | AL82: 0 | AM82: 0 | AN82: 0 | AO82: 0 | AP82: 0 | AQ82: 0 | AR82: 0 | AS82: 0 | AT82: 0 | AU82: 0 | AV82: 0 | AW82: 0 | AX82: 0 | AY82: 0 | AZ82: 0 | BA82: 0 | BB82: 0 | BC82: 0 | BD82: 2 | BE82: =BE81 -> 0.0004
A83: 9 | B83: =B73 -> Rework Loss Type I | C83: =IF(OR(A$24>A83,A$24=A83),B$8,0) -> Product F | D83: 0 | E83: 0 | F83: 0 | G83: 0 | H83: 0 | I83: 0 | J83: 0 | K83: 0 | L83: 0 | M83: 0 | N83: 0 | O83: 0 | P83: 0 | Q83: 0 | R83: 0 | S83: 0 | T83: 0 | U83: 0 | V83: 0 | W83: 0 | X83: 0 | Y83: 0 | Z83: 0 | AA83: 0 | AB83: 0 | AC83: 0 | AD83: 0 | AE83: 0 | AF83: 0 | AG83: 0 | AH83: 0 | AI83: 0 | AJ83: 0 | AK83: 0 | AL83: 0 | AM83: 0 | AN83: 0 | AO83: 0 | AP83: 0 | AQ83: 0 | AR83: 0 | AS83: 0 | AT83: 0 | AU83: 0 | AV83: 0 | AW83: 0 | AX83: 0 | AY83: 0 | AZ83: 0 | BA83: 0 | BB83: 0 | BC83: 0 | BD83: 2 | BE83: =BE82 -> 0.0004
A84: 10 | C84: =IF(OR(A$24>A84,A$24=A84),B$8,0) -> 0 | D84: 1 | E84: =D84+1 -> 2 | F84: =E84+1 -> 3 | G84: =F84+1 -> 4 | H84: =G84+1 -> 5 | I84: =H84+1 -> 6 | J84: =I84+1 -> 7 | K84: =J84+1 -> 8 | L84: =K84+1 -> 9 | ... BC84: =BB84+1 -> 52
A85: 1 | B85: =B75 -> Rework Loss Type A | C85: =IF(OR(A$24>A85,A$24=A85),B$9,0) -> Product G | D85: 0 | E85: 0 | F85: 0 | G85: 0 | H85: 0 | I85: 0 | J85: 0 | K85: 0 | L85: 0 | M85: 0 | N85: 0 | O85: 0 | P85: 0 | Q85: 0 | R85: 0 | S85: 0 | T85: 0 | U85: 0 | V85: 0 | W85: 0 | X85: 0 | Y85: 0 | Z85: 0 | AA85: 0 | AB85: 0 | AC85: 0 | AD85: 0 | AE85: 0 | AF85: 0 | AG85: 0 | AH85: 0 | AI85: 0 | AJ85: 0 | AK85: 0 | AL85: 0 | AM85: 0 | AN85: 0 | AO85: 0 | AP85: 0 | AQ85: 0 | AR85: 0 | AS85: 0 | AT85: 0 | AU85: 0 | AV85: 0 | AW85: 0 | AX85: 0 | AY85: 0 | AZ85: 0 | BA85: 0 | BB85: 0 | BC85: 0 | BD85: 1 | BE85: 0.0004 | BG85: =SUM(D85:BC93) -> 495
A86: 2 | B86: =B76 -> Rework Loss Type B | C86: =IF(OR(A$24>A86,A$24=A86),B$9,0) -> Product G | D86: 0 | E86: 0 | F86: 0 | G86: 0 | H86: 0 | I86: 0 | J86: 0 | K86: 0 | L86: 0 | M86: 0 | N86: 0 | O86: 0 | P86: 0 | Q86: 0 | R86: 0 | S86: 0 | T86: 0 | U86: 0 | V86: 0 | W86: 0 | X86: 0 | Y86: 0 | Z86: 0 | AA86: 0 | AB86: 0 | AC86: 0 | AD86: 0 | AE86: 0 | AF86: 0 | AG86: 0 | AH86: 0 | AI86: 0 | AJ86: 0 | AK86: 0 | AL86: 0 | AM86: 0 | AN86: 0 | AO86: 0 | AP86: 0 | AQ86: 0 | AR86: 0 | AS86: 0 | AT86: 0 | AU86: 0 | AV86: 0 | AW86: 0 | AX86: 0 | AY86: 0 | AZ86: 0 | BA86: 0 | BB86: 0 | BC86: 0 | BD86: 2 | BE86: =BE85 -> 0.0004
A87: 3 | B87: =B77 -> Rework Loss Type C | C87: =IF(OR(A$24>A87,A$24=A87),B$9,0) -> Product G | D87: 0 | E87: 0 | F87: 0 | G87: 0 | H87: 0 | I87: 0 | J87: 0 | K87: 0 | L87: 0 | M87: 0 | N87: 0 | O87: 0 | P87: 0 | Q87: 0 | R87: 0 | S87: 0 | T87: 0 | U87: 0 | V87: 0 | W87: 0 | X87: 0 | Y87: 0 | Z87: 0 | AA87: 0 | AB87: 0 | AC87: 0 | AD87: 0 | AE87: 0 | AF87: 0 | AG87: 0 | AH87: 0 | AI87: 0 | AJ87: 0 | AK87: 0 | AL87: 0 | AM87: 0 | AN87: 0 | AO87: 0 | AP87: 0 | AQ87: 0 | AR87: 0 | AS87: 0 | AT87: 0 | AU87: 0 | AV87: 0 | AW87: 0 | AX87: 0 | AY87: 0 | AZ87: 0 | BA87: 0 | BB87: 0 | BC87: 0 | BD87: 2 | BE87: =BE86 -> 0.0004
A88: 4 | B88: =B78 -> Rework Loss Type D | C88: =IF(OR(A$24>A88,A$24=A88),B$9,0) -> Product G | D88: 0 | E88: 0 | F88: 0 | G88: 0 | H88: 0 | I88: 0 | J88: 0 | K88: 0 | L88: 0 | M88: 0 | N88: 0 | O88: 0 | P88: 0 | Q88: 0 | R88: 0 | S88: 0 | T88: 0 | U88: 0 | V88: 0 | W88: 0 | X88: 0 | Y88: 0 | Z88: 0 | AA88: 0 | AB88: 0 | AC88: 0 | AD88: 0 | AE88: 0 | AF88: 0 | AG88: 0 | AH88: 0 | AI88: 0 | AJ88: 0 | AK88: 0 | AL88: 0 | AM88: 0 | AN88: 0 | AO88: 0 | AP88: 0 | AQ88: 0 | AR88: 0 | AS88: 0 | AT88: 0 | AU88: 0 | AV88: 0 | AW88: 0 | AX88: 0 | AY88: 0 | AZ88: 0 | BA88: 0 | BB88: 0 | BC88: 0 | BD88: 2 | BE88: =BE87 -> 0.0004
A89: 5 | B89: =B79 -> Rework Loss Type E | C89: =IF(OR(A$24>A89,A$24=A89),B$9,0) -> Product G | D89: 0 | E89: 0 | F89: 0 | G89: 0 | H89: 0 | I89: 0 | J89: 0 | K89: 0 | L89: 0 | M89: 0 | N89: 0 | O89: 0 | P89: 0 | Q89: 0 | R89: 0 | S89: 0 | T89: 0 | U89: 0 | V89: 0 | W89: 0 | X89: 0 | Y89: 0 | Z89: 0 | AA89: 0 | AB89: 0 | AC89: 0 | AD89: 0 | AE89: 0 | AF89: 0 | AG89: 0 | AH89: 0 | AI89: 0 | AJ89: 0 | AK89: 0 | AL89: 0 | AM89: 0 | AN89: 0 | AO89: 0 | AP89: 0 | AQ89: 0 | AR89: 0 | AS89: 0 | AT89: 0 | AU89: 0 | AV89: 0 | AW89: 0 | AX89: 0 | AY89: 0 | AZ89: 0 | BA89: 0 | BB89: 0 | BC89: 0 | BD89: 2 | BE89: =BE88 -> 0.0004
A90: 6 | B90: =B80 -> Rework Loss Type F | C90: =IF(OR(A$24>A90,A$24=A90),B$9,0) -> Product G | D90: 0 | E90: 8 | F90: 13 | G90: 24 | H90: 0 | I90: 0 | J90: 11 | K90: 28 | L90: 0 | M90: 0 | N90: 11 | O90: 24 | P90: 0 | Q90: 0 | R90: 11 | S90: 15 | T90: 0 | U90: 0 | V90: 11 | W90: 28 | X90: 0 | Y90: 0 | Z90: 11 | AA90: 28 | AB90: 0 | AC90: 0 | AD90: 11 | AE90: 28 | AF90: 0 | AG90: 0 | AH90: 11 | AI90: 28 | AJ90: 0 | AK90: 0 | AL90: 10 | AM90: 28 | AN90: 0 | AO90: 0 | AP90: 11 | AQ90: 28 | AR90: 0 | AS90: 0 | AT90: 11 | AU90: 28 | AV90: 0 | AW90: 0 | AX90: 11 | AY90: 28 | AZ90: 0 | BA90: 0 | BB90: 11 | BC90: 28 | BD90: 4.4 | BE90: =BE89 -> 0.0004
A91: 7 | B91: =B81 -> Rework Loss Type G | C91: =IF(OR(A$24>A91,A$24=A91),B$9,0) -> Product G | D91: 0 | E91: 0 | F91: 0 | G91: 0 | H91: 0 | I91: 0 | J91: 0 | K91: 0 | L91: 0 | M91: 0 | N91: 0 | O91: 0 | P91: 0 | Q91: 0 | R91: 0 | S91: 0 | T91: 0 | U91: 0 | V91: 0 | W91: 0 | X91: 0 | Y91: 0 | Z91: 0 | AA91: 0 | AB91: 0 | AC91: 0 | AD91: 0 | AE91: 0 | AF91: 0 | AG91: 0 | AH91: 0 | AI91: 0 | AJ91: 0 | AK91: 0 | AL91: 0 | AM91: 0 | AN91: 0 | AO91: 0 | AP91: 0 | AQ91: 0 | AR91: 0 | AS91: 0 | AT91: 0 | AU91: 0 | AV91: 0 | AW91: 0 | AX91: 0 | AY91: 0 | AZ91: 0 | BA91: 0 | BB91: 0 | BC91: 0 | BD91: 1 | BE91: =BE90 -> 0.0004
A92: 8 | B92: =B82 -> Rework Loss Type H | C92: =IF(OR(A$24>A92,A$24=A92),B$9,0) -> Product G | D92: 0 | E92: 0 | F92: 0 | G92: 0 | H92: 0 | I92: 0 | J92: 0 | K92: 0 | L92: 0 | M92: 0 | N92: 0 | O92: 0 | P92: 0 | Q92: 0 | R92: 0 | S92: 0 | T92: 0 | U92: 0 | V92: 0 | W92: 0 | X92: 0 | Y92: 0 | Z92: 0 | AA92: 0 | AB92: 0 | AC92: 0 | AD92: 0 | AE92: 0 | AF92: 0 | AG92: 0 | AH92: 0 | AI92: 0 | AJ92: 0 | AK92: 0 | AL92: 0 | AM92: 0 | AN92: 0 | AO92: 0 | AP92: 0 | AQ92: 0 | AR92: 0 | AS92: 0 | AT92: 0 | AU92: 0 | AV92: 0 | AW92: 0 | AX92: 0 | AY92: 0 | AZ92: 0 | BA92: 0 | BB92: 0 | BC92: 0 | BD92: 2 | BE92: =BE91 -> 0.0004
A93: 9 | B93: =B83 -> Rework Loss Type I | C93: =IF(OR(A$24>A93,A$24=A93),B$9,0) -> Product G | D93: 0 | E93: 0 | F93: 0 | G93: 0 | H93: 0 | I93: 0 | J93: 0 | K93: 0 | L93: 0 | M93: 0 | N93: 0 | O93: 0 | P93: 0 | Q93: 0 | R93: 0 | S93: 0 | T93: 0 | U93: 0 | V93: 0 | W93: 0 | X93: 0 | Y93: 0 | Z93: 0 | AA93: 0 | AB93: 0 | AC93: 0 | AD93: 0 | AE93: 0 | AF93: 0 | AG93: 0 | AH93: 0 | AI93: 0 | AJ93: 0 | AK93: 0 | AL93: 0 | AM93: 0 | AN93: 0 | AO93: 0 | AP93: 0 | AQ93: 0 | AR93: 0 | AS93: 0 | AT93: 0 | AU93: 0 | AV93: 0 | AW93: 0 | AX93: 0 | AY93: 0 | AZ93: 0 | BA93: 0 | BB93: 0 | BC93: 0 | BD93: 2 | BE93: =BE92 -> 0.0004
A94: 10 | C94: =IF(OR(A$24>A94,A$24=A94),B$9,0) -> 0 | D94: 1 | E94: =D94+1 -> 2 | F94: =E94+1 -> 3 | G94: =F94+1 -> 4 | H94: =G94+1 -> 5 | I94: =H94+1 -> 6 | J94: =I94+1 -> 7 | K94: =J94+1 -> 8 | L94: =K94+1 -> 9 | ... BC94: =BB94+1 -> 52
A95: 1 | B95: =B85 -> Rework Loss Type A | C95: =IF(OR(A$24>A95,A$24=A95),B$10,0) -> Product H | D95: 0 | E95: 0 | F95: 0 | G95: 0 | H95: 0 | I95: 0 | J95: 0 | K95: 0 | L95: 0 | M95: 0 | N95: 0 | O95: 0 | P95: 0 | Q95: 0 | R95: 0 | S95: 0 | T95: 0 | U95: 0 | V95: 0 | W95: 0 | X95: 0 | Y95: 0 | Z95: 0 | AA95: 0 | AB95: 0 | AC95: 0 | AD95: 0 | AE95: 0 | AF95: 0 | AG95: 0 | AH95: 0 | AI95: 0 | AJ95: 0 | AK95: 0 | AL95: 0 | AM95: 0 | AN95: 0 | AO95: 0 | AP95: 0 | AQ95: 0 | AR95: 0 | AS95: 0 | AT95: 0 | AU95: 0 | AV95: 0 | AW95: 0 | AX95: 0 | AY95: 0 | AZ95: 0 | BA95: 0 | BB95: 0 | BC95: 0 | BD95: 1 | BE95: 0.0003 | BG95: =SUM(D95:BC103) -> 201
A96: 2 | B96: =B86 -> Rework Loss Type B | C96: =IF(OR(A$24>A96,A$24=A96),B$10,0) -> Product H | D96: 0 | E96: 0 | F96: 0 | G96: 0 | H96: 0 | I96: 0 | J96: 0 | K96: 0 | L96: 0 | M96: 0 | N96: 0 | O96: 0 | P96: 0 | Q96: 0 | R96: 0 | S96: 0 | T96: 0 | U96: 0 | V96: 0 | W96: 0 | X96: 0 | Y96: 0 | Z96: 0 | AA96: 0 | AB96: 0 | AC96: 0 | AD96: 0 | AE96: 0 | AF96: 0 | AG96: 0 | AH96: 0 | AI96: 0 | AJ96: 0 | AK96: 0 | AL96: 0 | AM96: 0 | AN96: 0 | AO96: 0 | AP96: 0 | AQ96: 0 | AR96: 0 | AS96: 0 | AT96: 0 | AU96: 0 | AV96: 0 | AW96: 0 | AX96: 0 | AY96: 0 | AZ96: 0 | BA96: 0 | BB96: 0 | BC96: 0 | BD96: 2.7 | BE96: =BE95 -> 0.0003
A97: 3 | B97: =B87 -> Rework Loss Type C | C97: =IF(OR(A$24>A97,A$24=A97),B$10,0) -> Product H | D97: 0 | E97: 0 | F97: 0 | G97: 0 | H97: 0 | I97: 0 | J97: 0 | K97: 0 | L97: 0 | M97: 0 | N97: 0 | O97: 0 | P97: 0 | Q97: 0 | R97: 0 | S97: 0 | T97: 0 | U97: 0 | V97: 0 | W97: 0 | X97: 0 | Y97: 0 | Z97: 0 | AA97: 0 | AB97: 0 | AC97: 0 | AD97: 0 | AE97: 0 | AF97: 0 | AG97: 0 | AH97: 0 | AI97: 0 | AJ97: 0 | AK97: 0 | AL97: 0 | AM97: 0 | AN97: 0 | AO97: 0 | AP97: 0 | AQ97: 0 | AR97: 0 | AS97: 0 | AT97: 0 | AU97: 0 | AV97: 0 | AW97: 0 | AX97: 0 | AY97: 0 | AZ97: 0 | BA97: 0 | BB97: 0 | BC97: 0 | BD97: 2 | BE97: =BE96 -> 0.0003
A98: 4 | B98: =B88 -> Rework Loss Type D | C98: =IF(OR(A$24>A98,A$24=A98),B$10,0) -> Product H | D98: 0 | E98: 0 | F98: 0 | G98: 0 | H98: 0 | I98: 0 | J98: 0 | K98: 0 | L98: 0 | M98: 0 | N98: 0 | O98: 0 | P98: 0 | Q98: 0 | R98: 0 | S98: 0 | T98: 0 | U98: 0 | V98: 0 | W98: 0 | X98: 0 | Y98: 0 | Z98: 0 | AA98: 0 | AB98: 0 | AC98: 0 | AD98: 0 | AE98: 0 | AF98: 0 | AG98: 0 | AH98: 0 | AI98: 0 | AJ98: 0 | AK98: 0 | AL98: 0 | AM98: 0 | AN98: 0 | AO98: 0 | AP98: 0 | AQ98: 0 | AR98: 0 | AS98: 0 | AT98: 0 | AU98: 0 | AV98: 0 | AW98: 0 | AX98: 0 | AY98: 0 | AZ98: 0 | BA98: 0 | BB98: 0 | BC98: 0 | BD98: 2 | BE98: =BE97 -> 0.0003
A99: 5 | B99: =B89 -> Rework Loss Type E | C99: =IF(OR(A$24>A99,A$24=A99),B$10,0) -> Product H | D99: 0 | E99: 0 | F99: 0 | G99: 0 | H99: 0 | I99: 0 | J99: 0 | K99: 0 | L99: 0 | M99: 0 | N99: 0 | O99: 0 | P99: 0 | Q99: 0 | R99: 0 | S99: 0 | T99: 0 | U99: 0 | V99: 0 | W99: 0 | X99: 0 | Y99: 0 | Z99: 0 | AA99: 0 | AB99: 0 | AC99: 0 | AD99: 0 | AE99: 0 | AF99: 0 | AG99: 0 | AH99: 0 | AI99: 0 | AJ99: 0 | AK99: 0 | AL99: 0 | AM99: 0 | AN99: 0 | AO99: 0 | AP99: 0 | AQ99: 0 | AR99: 0 | AS99: 0 | AT99: 0 | AU99: 0 | AV99: 0 | AW99: 0 | AX99: 0 | AY99: 0 | AZ99: 0 | BA99: 0 | BB99: 0 | BC99: 0 | BD99: 2 | BE99: =BE98 -> 0.0003
A100: 6 | B100: =B90 -> Rework Loss Type F | C100: =IF(OR(A$24>A100,A$24=A100),B$10,0) -> Product H | D100: 0 | E100: 0 | F100: 0 | G100: 11 | H100: 0 | I100: 0 | J100: 0 | K100: 11 | L100: 0 | M100: 0 | N100: 0 | O100: 10 | P100: 0 | Q100: 0 | R100: 13 | S100: 11 | T100: 0 | U100: 0 | V100: 0 | W100: 11 | X100: 13 | Y100: 0 | Z100: 0 | AA100: 11 | AB100: 0 | AC100: 8 | AD100: 0 | AE100: 11 | AF100: 0 | AG100: 0 | AH100: 0 | AI100: 11 | AJ100: 13 | AK100: 0 | AL100: 0 | AM100: 11 | AN100: 0 | AO100: 0 | AP100: 13 | AQ100: 11 | AR100: 0 | AS100: 0 | AT100: 0 | AU100: 10 | AV100: 0 | AW100: 0 | AX100: 0 | AY100: 11 | AZ100: 0 | BA100: 0 | BB100: 0 | BC100: 11 | BD100: 1 | BE100: =BE99 -> 0.0003
...

Sheet Micro Data Tabulation
B2: Operation Day / Per Week (day) | C2: ='Client Data'!F107 -> 7 | D2: Number of Hours / Shift (Hours) | H2: ='Client Data'!C107 -> 8 | I2: Unscheduled DT Baseline (Hours) | M2: ='Client Data'!J107 -> 0 | N2: Cycle Time Target Average (Seconds) | R2: =C6/AE3*60*60 -> 12.645 | S2: Customer Return Baseline | W2: ='Client Data'!Z106 -> 0 | AC2: Overhead Cost / Hr (RM) | AE2: ='Client Data'!AF106 -> 30
B3: Total Number of Validated Week | C3: ='Client Data'!AF107 -> 52 | D3: Number of Shift Per Day (Shift) | H3: ='Client Data'!F106 -> 3 | I3: Yield Loss Target Average (%) | M3: =SUM(M10:M29)/AE3 -> 0.00024645548 | N3: Number Of Customer Return Total | R3: =SUM(N10:N29) -> 12 | S3: Average Rework Cost / Unit (RM) | W3: =BC722/(SUM(BC537:BC544)-SUM(BC698:BC705)) -> 14.745328 | AC3: Total Volume (Output) | AE3: =SUM(O10:O17) -> 2336000
B4: Total Number of Validated Days | C4: =C2*C3 -> 364 | D4: Equipment Target Utilizatiion (%) | H4: ='Client Data'!C106 -> 0.9 | I4: Rework Loss Target Average (%) | M4: =SUM(L10:L29)/AE3 -> 0.00041862158 | N4: Manning Ratio | R4: ='Client Data'!S106 -> 2 | S4: Average DT cost / hour | W4: =BC180/BC162 -> 2573.6832 | X4: Labor Cost / Pax / Hour (RM) | AB4: ='Client Data'!AC107 -> 12 | AC4: Opportunity Cost / Hour | AE4: =BC311/SUM(BC295:BC302) -> 2519.2099
B5: Validated Period (Hours) | C5: =60*60*H2*H3*C4/(60*60) -> 8736 | D5: Total Production Planned Time (seconds) | H5: =C5-H6 -> 8372.3 | I5: Total Unscheduled Downtime (Hours) | M5: =BC94 -> 167.1 | N5: Average Yield Scrap Cost / Unit (RM) | R5: =C316 -> 16.051252
B6: Total Operation Time (hour) | C6: =H5-M5 -> 8205.2 | D6: Total Scheduled Downtime (Hours) | H6: =BC93 -> 363.7 | I6: Scheduled Downtime Baseline (Hours) | M6: ='Client Data'!S107 -> 0 | N6: Average DT Cost / Hour (Hour) | R6: =BC88/BC94 -> 2573.6832
B9: ='Client Data'!B2 -> Product Name | C9: ='Client Data'!C2 -> Standard CT (Seconds) | D9: ='Client Data'!BD24 -> Standard Rework Time (Seconds) | E9: ='Client Data'!BF2 -> Rework Extra Material Cost / Unit (RM) | F9: ='Client Data'!BG2 -> Rework: Extra Utility Cost (RM) | G9: ='Client Data'!BH2 -> Product Price / Unit (RM) | H9: ='Client Data'!BI2 -> Material Cost / Unit (RM) | I9: ='Client Data'!BJ2 -> Utility Cost / Unit (RM) | J9: ='Client Data'!BK2 -> Yeild Target (%) | K9: Allowable Yield Loss Baseline (%) | L9: Rework Target / Baseline Quantity | M9: Yield Loss Target / Baseline Quantity | N9: ='Client Data'!BL2 -> Customer Return | O9: Output Quantity | P9: Standard Total Operation Time (Seconds) | Q9: Allowable Rework Baseline (%)
B10: ='Client Data'!B3 -> Product A | C10: ='Client Data'!C3 -> 9 | D10: =SUM('Client Data'!BD25:BD33) -> 20.5 | E10: ='Client Data'!BF3 -> 0.24 | F10: ='Client Data'!BG3 -> 0.26 | G10: ='Client Data'!BH3 -> 26 | H10: ='Client Data'!BI3 -> 7 | I10: ='Client Data'!BJ3 -> 8.5 | J10: ='Client Data'!BK3 -> 0.9997 | K10: =1-J10 -> 0.0003 | L10: =Q10*O10 -> 75 | M10: =K10*O10 -> 45 | N10: ='Client Data'!BL3 -> 1 | O10: =SUM(C763:BB763) -> 150000 | P10: =C10*O10 -> 1350000 | Q10: ='Client Data'!BE25 -> 0.0005
B11: ='Client Data'!B4 -> Product B | C11: ='Client Data'!C4 -> 9.8 | D11: =SUM('Client Data'!BD35:BD43) -> 23 | E11: ='Client Data'!BF4 -> 0.23 | F11: ='Client Data'!BG4 -> 0.23 | G11: ='Client Data'!BH4 -> 25 | H11: ='Client Data'!BI4 -> 8 | I11: ='Client Data'!BJ4 -> 8.9 | J11: ='Client Data'!BK4 -> 0.99971 | K11: =1-J11 -> 0.00029 | L11: =Q11*O11 -> 116 | M11: =K11*O11 -> 67.28 | N11: ='Client Data'!BL4 -> 2 | O11: =SUM(C764:BB764) -> 232000 | P11: =C11*O11 -> 2273600 | Q11: ='Client Data'!BE35 -> 0.0005
B12: ='Client Data'!B5 -> Product C | C12: ='Client Data'!C5 -> 9.6 | D12: =SUM('Client Data'!BD45:BD53) -> 20 | E12: ='Client Data'!BF5 -> 0.22 | F12: ='Client Data'!BG5 -> 0.25 | G12: ='Client Data'!BH5 -> 24 | H12: ='Client Data'!BI5 -> 6 | I12: ='Client Data'!BJ5 -> 9 | J12: ='Client Data'!BK5 -> 0.99975 | K12: =1-J12 -> 0.00025 | L12: =Q12*O12 -> 105.3 | M12: =K12*O12 -> 87.75 | N12: ='Client Data'!BL5 -> 2 | O12: =SUM(C765:BB765) -> 351000 | P12: =C12*O12 -> 3369600 | Q12: ='Client Data'!BE45 -> 0.0003
B13: ='Client Data'!B6 -> Product D | C13: ='Client Data'!C6 -> 11 | D13: =SUM('Client Data'!BD55:BD63) -> 18.8 | E13: ='Client Data'!BF6 -> 0.21 | F13: ='Client Data'!BG6 -> 0.22 | G13: ='Client Data'!BH6 -> 21 | H13: ='Client Data'!BI6 -> 8.5 | I13: ='Client Data'!BJ6 -> 8 | J13: ='Client Data'!BK6 -> 0.99979 | K13: =1-J13 -> 0.00021 | L13: =Q13*O13 -> 248 | M13: =K13*O13 -> 104.16 | N13: ='Client Data'!BL6 -> 1 | O13: =SUM(C766:BB766) -> 496000 | P13: =C13*O13 -> 5456000 | Q13: ='Client Data'!BE55 -> 0.0005
B14: ='Client Data'!B7 -> Product E | C14: ='Client Data'!C7 -> 10.8 | D14: =SUM('Client Data'!BD65:BD73) -> 19.3 | E14: ='Client Data'!BF7 -> 0.23 | F14: ='Client Data'!BG7 -> 0.24 | G14: ='Client Data'!BH7 -> 23 | H14: ='Client Data'!BI7 -> 8 | I14: ='Client Data'!BJ7 -> 7.8 | J14: ='Client Data'!BK7 -> 0.99976 | K14: =1-J14 -> 0.00024 | L14: =Q14*O14 -> 176 | M14: =K14*O14 -> 105.6 | N14: ='Client Data'!BL7 -> 2 | O14: =SUM(C767:BB767) -> 440000 | P14: =C14*O14 -> 4752000 | Q14: ='Client Data'!BE65 -> 0.0004
B15: ='Client Data'!B8 -> Product F | C15: ='Client Data'!C8 -> 10.5 | D15: =SUM('Client Data'!BD75:BD83) -> 19.8 | E15: ='Client Data'!BF8 -> 0.24 | F15: ='Client Data'!BG8 -> 0.25 | G15: ='Client Data'!BH8 -> 22 | H15: ='Client Data'!BI8 -> 9 | I15: ='Client Data'!BJ8 -> 7.9 | J15: ='Client Data'!BK8 -> 0.99973 | K15: =1-J15 -> 0.00027 | L15: =Q15*O15 -> 138.8 | M15: =K15*O15 -> 93.69 | N15: ='Client Data'!BL8 -> 1 | O15: =SUM(C768:BB768) -> 347000 | P15: =C15*O15 -> 3643500 | Q15: ='Client Data'!BE75 -> 0.0004
B16: ='Client Data'!B9 -> Product G | C16: ='Client Data'!C9 -> 9 | D16: =SUM('Client Data'!BD85:BD93) -> 18.4 | E16: ='Client Data'!BF9 -> 0.22 | F16: ='Client Data'!BG9 -> 0.25 | G16: ='Client Data'!BH9 -> 24 | H16: ='Client Data'!BI9 -> 6.9 | I16: ='Client Data'!BJ9 -> 8 | J16: ='Client Data'!BK9 -> 0.99978 | K16: =1-J16 -> 0.00022 | L16: =Q16*O16 -> 91.2 | M16: =K16*O16 -> 50.16 | N16: ='Client Data'!BL9 -> 2 | O16: =SUM(C769:BB769) -> 228000 | P16: =C16*O16 -> 2052000 | Q16: ='Client Data'!BE85 -> 0.0004
B17: ='Client Data'!B10 -> Product H | C17: ='Client Data'!C10 -> 9.2 | D17: =SUM('Client Data'!BD95:BD103) -> 15.7 | E17: ='Client Data'!BF10 -> 0.25 | F17: ='Client Data'!BG10 -> 0.22 | G17: ='Client Data'!BH10 -> 26 | H17: ='Client Data'!BI10 -> 7.8 | I17: ='Client Data'!BJ10 -> 7.5 | J17: ='Client Data'!BK10 -> 0.99976 | K17: =1-J17 -> 0.00024 | L17: =Q17*O17 -> 27.6 | M17: =K17*O17 -> 22.08 | N17: ='Client Data'!BL10 -> 1 | O17: =SUM(C770:BB770) -> 92000 | P17: =C17*O17 -> 846400 | Q17: ='Client Data'!BE95 -> 0.0003
B18: ='Client Data'!B11 -> 0 | C18: ='Client Data'!C11 -> 0 | J18: 0 | K18: =1-J18 -> 1
B19: ='Client Data'!B12 -> 0 | C19: ='Client Data'!C12 -> 0 | J19: 0 | K19: =1-J19 -> 1
B20: ='Client Data'!B13 -> 0 | C20: ='Client Data'!C13 -> 0 | J20: 0 | K20: =1-J20 -> 1
B21: ='Client Data'!B14 -> 0 | C21: ='Client Data'!C14 -> 0 | J21: 0 | K21: =1-J21 -> 1
B22: ='Client Data'!B15 -> 0 | C22: ='Client Data'!C15 -> 0 | J22: 0 | K22: =1-J22 -> 1
B23: ='Client Data'!B16 -> 0 | C23: ='Client Data'!C16 -> 0 | J23: 0 | K23: =1-J23 -> 1
B24: ='Client Data'!B17 -> 0 | C24: ='Client Data'!C17 -> 0 | J24: 0 | K24: =1-J24 -> 1
B25: ='Client Data'!B18 -> 0 | C25: ='Client Data'!C18 -> 0 | J25: 0 | K25: =1-J25 -> 1
B26: ='Client Data'!B19 -> 0 | C26: ='Client Data'!C19 -> 0 | J26: 0 | K26: =1-J26 -> 1
B27: ='Client Data'!B20 -> 0 | C27: ='Client Data'!C20 -> 0 | J27: 0 | K27: =1-J27 -> 1
B28: ='Client Data'!B21 -> 0 | C28: ='Client Data'!C21 -> 0 | J28: 0 | K28: =1-J28 -> 1
B29: ='Client Data'!B22 -> 0 | C29: ='Client Data'!C22 -> 0 | J29: 0 | K29: =1-J29 -> 1
B32: Average KPI Summary
B33: Category | C33: Metric Description | G33: Unit | H33: Standard Value | K33: Actual Value | N33: Gap | Q33: Logic | R33: Gap Value | U33: Cost / Unit (RM) | X33: VAS (Validated Size) | AA33: 5-Years VAS | AD33: Logical Test
B34: Unscheduled Downtime | C34: Machine Failure | G34: Hr | H34: =M2 -> 0 | K34: =M5 -> 167.1 | N34: =H34-K34 -> -167.1 | Q34: =IF(N34<0,1,0) -> 1 | R34: =IF(Q34>0,N34*(-1),0) -> 167.1 | U34: =R6 -> 2573.6832 | X34: =R34*U34 -> 430062.47 | AA34: =C$3/52*5*X34 -> 2150312.3 | AD34: =IF(X34=BC88,TRUE,FALSE) -> TRUE
B35: Scheduled Downtime | C35: Planned Tool / Process Activities | G35: Hr | H35: =M6 -> 0 | K35: =H6 -> 363.7 | N35: =H35-K35 -> -363.7 | Q35: =IF(N35<0,1,0) -> 1 | R35: =IF(Q35>0,N35*(-1),0) -> 363.7 | U35: =BC265/SUM(BC249:BC256) -> 2575.5784 | X35: =R35*U35 -> 936737.85 | AA35: =C$3/52*5*X35 -> 4683689.3 | AD35: =IF(X35=BC91,TRUE,FALSE) -> TRUE
B36: Quality Loss (Yield Loss) | C36: Product Reject Rate | G36: % | H36: =M3 -> 0.00024645548 | K36: =BC68/AE3 -> 0.00045034247 | N36: =H36-K36 -> -0.00020388699 | Q36: =IF(N36<0,1,0) -> 1 | R36: =IF(Q36>0,N36*(-1)*AE3,0) -> 476.28 | U36: =R5 -> 16.051252 | X36: =R36*U36 -> 7644.8905 | AA36: =C$3/52*5*X36 -> 38224.453 | AD36: =IF(X36=BC453,TRUE,FALSE) -> TRUE
B37: Quality Loss (Rework Loss) | C37: Product Rework Rate | G37: % | H37: =M4 -> 0.00041862158 | K37: =BC75/AE3 -> 0.0021592466 | N37: =H37-K37 -> -0.001740625 | Q37: =IF(N37<0,1,0) -> 1 | R37: =IF(Q37>0,N37*(-1)*AE3,0) -> 4066.1 | U37: =W3 -> 14.745328 | X37: =R37*U37 -> 59955.976 | AA37: =C$3/52*5*X37 -> 299779.88 | AD37: =IF(X37=BC722,TRUE,FALSE) -> TRUE
B38: Speed Loss (ACT-TCT) | C38: Actual / Standard Operation Time | G38: Sec | H38: =SUM(P10:P29)/AE3 -> 10.163998 | K38: =C6*60*60/AE3 -> 12.645 | N38: =H38-K38 -> -2.4810017 | Q38: =IF(N38<0,1,0) -> 1 | R38: =IF(Q38>0,N38*(-1)*AE3/(60*60),0) -> 1609.8944 | U38: =AE4 -> 2519.2099 | X38: =R38*U38 -> 4055662 | AA38: =C$3/52*5*X38 -> 20278310 | AD38: =IF(X38=BC311,TRUE,FALSE) -> TRUE
B39: Labor Loss | C39: Actual / Standard Labor Hours | G39: Hr | H39: =SUM(P10:P29)/60/60*R4 -> 13190.611 | K39: =C2*H2*H3*C3*R4 -> 17472 | N39: =H39-K39 -> -4281.3889 | Q39: =IF(N39<0,1,0) -> 1 | R39: =IF(Q39>0,N39*(-1),0) -> 4281.3889 | U39: =AB4 -> 12 | X39: =R39*U39 -> 51376.667 | AA39: =C$3/52*5*X39 -> 256883.33 | AD39: =IF(X39=SUM(C759:BB759),TRUE,FALSE) -> TRUE
B40: Utility Waste | C40: Actual / Standard Utility Consumption | G40: RM | N40: =H40-K40 -> 0 | Q40: =IF(N40<0,1,0) -> 0 | R40: =IF(Q40>0,N40*(-1),0) -> 0
B41: Customer Return (unit) | C41: Product Failure Escapee | G41: unit | H41: =W2 -> 0 | K41: =R3 -> 12 | N41: =H41-K41 -> -12 | Q41: =IF(N41<0,1,0) -> 1 | R41: =IF(Q41>0,N41*(-1),0) -> 12 | U41: =R5 -> 16.051252 | X41: =R41*U41 -> 192.61503 | AA41: =C$3/52*5*X41 -> 963.07515 | AD41: TRUE
B42: Material Waste | C42: Actual / Standard Material Consumption | G42: RM | N42: =H42-K42 -> 0 | Q42: =IF(N42<0,1,0) -> 0 | R42: =IF(Q42>0,N42*(-1),0) -> 0
B43: Tooling / Consumables Waste | C43: Actual / Standard Others Consumption | G43: RM | N43: =H43-K43 -> 0 | Q43: =IF(N43<0,1,0) -> 0 | R43: =IF(Q43>0,N43*(-1),0) -> 0
G55: sec
B56: Week | C56: 1 | D56: =C56+1 -> 2 | E56: =D56+1 -> 3 | F56: =E56+1 -> 4 | G56: =F56+1 -> 5 | H56: =G56+1 -> 6 | I56: =H56+1 -> 7 | J56: =I56+1 -> 8 | K56: =J56+1 -> 9 | ... BB56: =BA56+1 -> 52 | BC56: TOTAL
B57: Production (Volume) - Weekly (Unit) | C57: =IF(C190>0,SUM(C763:C782),0) -> 45000 | D57: =IF(D190>0,SUM(D763:D782),0) -> 48000 | E57: =IF(E190>0,SUM(E763:E782),0) -> 51000 | F57: =IF(F190>0,SUM(F763:F782),0) -> 39000 | G57: =IF(G190>0,SUM(G763:G782),0) -> 41000 | H57: =IF(H190>0,SUM(H763:H782),0) -> 43000 | I57: =IF(I190>0,SUM(I763:I782),0) -> 45000 | J57: =IF(J190>0,SUM(J763:J782),0) -> 48000 | ... AR57: =IF(AR190>0,SUM(AR763:AR782),0) -> 43000 | AS57: =IF(AS190>0,SUM(AS763:AS770),0) -> 50000 | AT57: =IF(AT190>0,SUM(AT763:AT782),0) -> 50000 | AU57: =IF(AU190>0,SUM(AU763:AU782),0) -> 50000 | AV57: =IF(AV190>0,SUM(AV763:AV782),0) -> 50000 | AW57: =IF(AW190>0,SUM(AW763:AW782),0) -> 45000 | AX57: =IF(AX190>0,SUM(AX763:AX782),0) -> 48000 | AY57: =IF(AY190>0,SUM(AY763:AY782),0) -> 51000 | AZ57: =IF(AZ190>0,SUM(AZ763:AZ782),0) -> 39000 | BA57: =IF(BA190>0,SUM(BA763:BA782),0) -> 41000 | BB57: =IF(BB190>0,SUM(BB763:BB782),0) -> 43000 | BC57: =SUM(C57:BB57) -> 2336000
B58: Production (Volume) - Quarterly (Unit) | C58: =IF(O190>0,SUM(C57:O57),0) -> 579000 | P58: =IF(AB190>0,SUM(P57:AB57),0) -> 582000 | AC58: =IF(AO190>0,SUM(AC57:AO57),0) -> 585000 | AP58: =IF(BB190>0,SUM(AP57:BB57),0) -> 590000 | BC58: =SUM(C58:BB58) -> 2336000
B59: Utilization Target (%) | C59: =IF(C190>0,H4,0) -> 0.9 | D59: =IF(C190>0,C59,0) -> 0.9 | E59: =IF(D190>0,D59,0) -> 0.9 | F59: =IF(E190>0,E59,0) -> 0.9 | G59: =IF(F190>0,F59,0) -> 0.9 | H59: =IF(G190>0,G59,0) -> 0.9 | I59: =IF(H190>0,H59,0) -> 0.9 | J59: =IF(I190>0,I59,0) -> 0.9 | K59: =IF(J190>0,J59,0) -> 0.9 | ... BB59: =IF(BA190>0,BA59,0) -> 0.9 | BC59: =C59 -> 0.9
B60: Production Output Target Quarterly (unit) | C60: =IF(C190>0,SUM(C61:O61),0) -> 666393.26 | P60: =IF(P190>0,SUM(P61:AB61),0) -> 666393.26 | AC60: =IF(AC190>0,SUM(AC61:AO61),0) -> 668146.51 | AP60: =IF(AP190>0,SUM(AP61:BB61),0) -> 667923.37 | BC60: =SUM(C60:BB60) -> 2668856.4
B61: Production Output Target Weekly (Unit) | C61: =IF(C190>0, C90/C89*C59,0) -> 51226.691 | D61: =IF(D190>0, D90/D89*D59,0) -> 50939.796 | E61: =IF(E190>0, E90/E89*E59,0) -> 51768.604 | F61: =IF(F190>0, F90/F89*F59,0) -> 50429.761 | G61: =IF(G190>0, G90/G89*G59,0) -> 51832.358 | H61: =IF(H190>0, H90/H89*H59,0) -> 51513.586 | I61: =IF(I190>0, I90/I89*I59,0) -> 51322.323 | J61: =IF(J190>0, J90/J89*J59,0) -> 51099.182 | ... BB61: =IF(BB190>0, BB90/BB89*BB59,0) -> 52406.148 | BC61: =SUM(C61:BB61) -> 2668856.4
B62: Production Output Target QuadWeek (Unit) | C62: =IF(F190>0,SUM(C90:F90)/C89*C59,0) -> 204364.85 | G62: =IF(J190>0,SUM(G90:J90)/G89*G59,0) -> 205767.45 | K62: =IF(N190>0,SUM(K90:N90)/K89*K59,0) -> 205289.29 | O62: =IF(R190>0,SUM(O90:R90)/O89*O59,0) -> 205034.27 | S62: =IF(V190>0,SUM(S90:V90)/S89*S59,0) -> 205639.94 | W62: =IF(Z190>0,SUM(W90:Z90)/W89*W59,0) -> 204460.48 | AA62: =IF(AD190>0,SUM(AA90:AD90)/AA89*AA59,0) -> 205544.31 | AE62: =IF(AH190>0,SUM(AE90:AH90)/AE89*AE59,0) -> 204715.5 | AI62: =IF(AL190>0,SUM(AI90:AL90)/AI89*AI59,0) -> 205926.84 | AM62: =IF(AP190>0,SUM(AM90:AP90)/AM89*AM59,0) -> 205161.78 | AQ62: =IF(AT190>0,SUM(AQ90:AT90)/AQ89*AQ59,0) -> 205512.43 | AU62: =IF(AX190>0,SUM(AU90:AX90)/AU89*AU59,0) -> 204460.48 | AY62: =IF(BB190>0,SUM(AY90:BB90)/AY89*AY59,0) -> 206978.78 | BC62: =SUM(C62:BB62) -> 2668856.4
B63: Production (Volume) - QuadWeek (Unit) | C63: =IF(F190>0,SUM(C57:F57),0) -> 183000 | G63: =IF(J190>0,SUM(G57:J57),0) -> 177000 | K63: =IF(N190>0,SUM(K57:N57),0) -> 174000 | O63: =IF(R190>0,SUM(O57:R57),0) -> 183000 | S63: =IF(V190>0,SUM(S57:V57),0) -> 177000 | W63: =IF(Z190>0,SUM(W57:Z57),0) -> 174000 | AA63: =IF(AD190>0,SUM(AA57:AD57),0) -> 183000 | AE63: =IF(AH190>0,SUM(AE57:AH57),0) -> 177000 | AI63: =IF(AL190>0,SUM(AI57:AL57),0) -> 174000 | AM63: =IF(AP190>0,SUM(AM57:AP57),0) -> 183000 | AQ63: =IF(AT190>0,SUM(AQ57:AT57),0) -> 184000 | AU63: =IF(AX190>0,SUM(AU57:AX57),0) -> 193000 | AY63: =IF(BB190>0,SUM(AY57:BB57),0) -> 174000 | BC63: =SUM(C63:BB63) -> 2336000
B64: Yield / Quality (%) - Weekly | C64: =IF(C190>0,(C57-C68)/C57,0) -> 0.99953333 | D64: =IF(D190>0,(D57-D68)/D57,0) -> 0.99958333 | E64: =IF(E190>0,(E57-E68)/E57,0) -> 0.99952941 | F64: =IF(F190>0,(F57-F68)/F57,0) -> 0.99953846 | G64: =IF(G190>0,(G57-G68)/G57,0) -> 0.99953659 | H64: =IF(H190>0,(H57-H68)/H57,0) -> 0.99953488 | I64: =IF(I190>0,(I57-I68)/I57,0) -> 0.99957778 | J64: =IF(J190>0,(J57-J68)/J57,0) -> 0.99954167 | ... BB64: =IF(BB190>0,(BB57-BB68)/BB57,0) -> 0.99960465 | BC64: =1-BC68/BC57 -> 0.99954966
B65: Yield / Quality (%) - Quarterly | C65: =IF(O190>0,(C58-C69)/C58,0) -> 0.99955095 | P65: =IF(AB190>0,(P58-P69)/P58,0) -> 0.99955326 | AC65: =IF(AO190>0,(AC58-AC69)/AC58,0) -> 0.9995453 | AP65: =IF(BB190>0,(AP58-AP69)/AP58,0) -> 0.99954915 | BC65: =(BC58-BC69)/BC58 -> 0.99954966
B66: Yield / Quality (%) - QuadWeek | C66: =IF(F190>0, (C63-C70)/C63,0) -> 0.99954645 | G66: =IF(J190>0, (G63-G70)/G63,0) -> 0.99954802 | K66: =IF(N190>0, (K63-K70)/K63,0) -> 0.99955172 | O66: =IF(R190>0, (O63-O70)/O63,0) -> 0.99954645 | S66: =IF(V190>0, (S63-S70)/S63,0) -> 0.99956497 | W66: =IF(Z190>0, (W63-W70)/W63,0) -> 0.99955172 | AA66: =IF(AD190>0, (AA63-AA70)/AA63,0) -> 0.99956284 | AE66: =IF(AH190>0, (AE63-AE70)/AE63,0) -> 0.99953672 | AI66: =IF(AL190>0, (AI63-AI70)/AI63,0) -> 0.99954598 | AM66: =IF(AP190>0, (AM63-AM70)/AM63,0) -> 0.99953552 | AQ66: =IF(AT190>0, (AQ63-AQ70)/AQ63,0) -> 0.99953804 | AU66: =IF(AX190>0, (AU63-AU70)/AU63,0) -> 0.99956477 | AY66: =IF(BB190>0, (AY63-AY70)/AY63,0) -> 0.99955172 | BC66: =(BC63-BC70)/BC63 -> 0.99954966
B67: Yield / Quality Target (%) | C67: =IF(F190>0,M3,0) -> 0.00024645548 | G67: =IF(J190>0,C67,0) -> 0.00024645548 | K67: =IF(N190>0,G67,0) -> 0.00024645548 | O67: =IF(R190>0,K67,0) -> 0.00024645548 | S67: =IF(V190>0,O67,0) -> 0.00024645548 | W67: =IF(Z190>0,S67,0) -> 0.00024645548 | AA67: =IF(AD190>0,W67,0) -> 0.00024645548 | AE67: =IF(AH190>0,AA67,0) -> 0.00024645548 | AI67: =IF(AL190>0,AE67,0) -> 0.00024645548 | AM67: =IF(AP190>0,AI67,0) -> 0.00024645548 | AQ67: =IF(AT190>0,AM67,0) -> 0.00024645548 | AU67: =IF(AX190>0,AQ67,0) -> 0.00024645548 | AY67: =IF(BB190>0,AU67,0) -> 0.00024645548 | BC67: =C67 -> 0.00024645548
B68: Quality Defect Loss Qty - Weekly (Unit) | C68: =IF(C190>0,SUM(C321,C330,C339,C348,C357,C366,C375,C384),0) -> 21 | D68: =IF(D190>0,SUM(D321,D330,D339,D348,D357,D366,D375,D384),0) -> 20 | E68: =IF(E190>0,SUM(E321,E330,E339,E348,E357,E366,E375,E384),0) -> 24 | F68: =IF(F190>0,SUM(F321,F330,F339,F348,F357,F366,F375,F384),0) -> 18 | G68: =IF(G190>0,SUM(G321,G330,G339,G348,G357,G366,G375,G384),0) -> 19 | H68: =IF(H190>0,SUM(H321,H330,H339,H348,H357,H366,H375,H384),0) -> 20 | I68: =IF(I190>0,SUM(I321,I330,I339,I348,I357,I366,I375,I384),0) -> 19 | J68: =IF(J190>0,SUM(J321,J330,J339,J348,J357,J366,J375,J384),0) -> 22 | ... BB68: =IF(BB190>0,SUM(BB321,BB330,BB339,BB348,BB357,BB366,BB375,BB384),0) -> 17 | BC68: =SUM(C68:BB68) -> 1052
B69: Quality Defect Loss Qty Quarterly (Unit) | C69: =IF(O190>0,SUM(C68:O68),0) -> 260 | P69: =IF(AB190>0,SUM(P68:AB68),0) -> 260 | AC69: =IF(AO190>0,SUM(AC68:AO68),0) -> 266 | AP69: =IF(BB190>0,SUM(AP68:BB68),0) -> 266 | BC69: =SUM(C69:BB69) -> 1052
B70: Quality Defect Loss Qty Quadweek (Unit) | C70: =IF(F190>0,SUM(C68:F68),0) -> 83 | G70: =IF(J190>0,SUM(G68:J68),0) -> 80 | K70: =IF(N190>0,SUM(K68:N68),0) -> 78 | O70: =IF(R190>0,SUM(O68:R68),0) -> 83 | S70: =IF(V190>0,SUM(S68:V68),0) -> 77 | W70: =IF(Z190>0,SUM(W68:Z68),0) -> 78 | AA70: =IF(AD190>0,SUM(AA68:AD68),0) -> 80 | AE70: =IF(AH190>0,SUM(AE68:AH68),0) -> 82 | AI70: =IF(AL190>0,SUM(AI68:AL68),0) -> 79 | AM70: =IF(AP190>0,SUM(AM68:AP68),0) -> 85 | AQ70: =IF(AT190>0,SUM(AQ68:AT68),0) -> 85 | AU70: =IF(AX190>0,SUM(AU68:AX68),0) -> 84 | AY70: =IF(BB190>0,SUM(AY68:BB68),0) -> 78 | BC70: =SUM(C70:BB70) -> 1052
B71: Quality Defect Loss VAS - Weekly (RM) | C71: =C68*C74 -> 336.06092 | D71: =D68*D74 -> 323.67667 | E71: =E68*E74 -> 384.00272 | F71: =F68*F74 -> 286.86475 | G71: =G68*G74 -> 304.06396 | H71: =H68*H74 -> 324.77552 | I71: =I68*I74 -> 304.10702 | J71: =J68*J74 -> 352.45315 | ... BB71: =BB68*BB74 -> 274.12719 | BC71: =SUM(C71:BB71) -> 16902.819
B72: Quality Defect Loss VAS - Quarterly (RM) | C72: =IF(O190>0,SUM(C71:O71),0) -> 4184.2894 | P72: =IF(AB190>0,SUM(P71:AB71),0) -> 4178.3957 | AC72: =IF(AO190>0,SUM(AC71:AO71),0) -> 4264.8454 | AP72: =IF(BB190>0,SUM(AP71:BB71),0) -> 4275.2885 | BC72: =SUM(C72:BB72) -> 16902.819
B73: Quality Defect Loss VAS - QuadWeek (RM) | C73: =IF(F190>0,SUM(C71:F71),0) -> 1330.6051 | G73: =IF(J190>0,SUM(G71:J71),0) -> 1285.3996 | K73: =IF(N190>0,SUM(K71:N71),0) -> 1261.3771 | O73: =IF(R190>0,SUM(O71:R71),0) -> 1337.8319 | S73: =IF(V190>0,SUM(S71:V71),0) -> 1234.5155 | W73: =IF(Z190>0,SUM(W71:Z71),0) -> 1251.801 | AA73: =IF(AD190>0,SUM(AA71:AD71),0) -> 1281.1435 | AE73: =IF(AH190>0,SUM(AE71:AH71),0) -> 1317.9847 | AI73: =IF(AL190>0,SUM(AI71:AL71),0) -> 1266.3359 | AM73: =IF(AP190>0,SUM(AM71:AP71),0) -> 1360.7966 | AQ73: =IF(AT190>0,SUM(AQ71:AT71),0) -> 1367.264 | AU73: =IF(AX190>0,SUM(AU71:AX71),0) -> 1351.7018 | AY73: =IF(BB190>0,SUM(AY71:BB71),0) -> 1256.0624 | BC73: =SUM(C73:BB73) -> 16902.819
B74: Weekly Yield Defect Loss Cost / Unit | C74: =C427 -> 16.002901 | D74: =D427 -> 16.183834 | E74: =E427 -> 16.000114 | F74: =F427 -> 15.93693 | G74: =G427 -> 16.003366 | H74: =H427 -> 16.238776 | I74: =I427 -> 16.005632 | J74: =J427 -> 16.020598 | ... BB74: =BB427 -> 16.125129
B75: Quality Rework Loss Qty Weekly (Unit) | C75: =IF(C190>0,SUM(C456,C465,C474,C483,C492,C501,C510,C519,C528),0) -> 97 | D75: =IF(D190>0,SUM(D456,D465,D474,D483,D492,D501,D510,D519,D528),0) -> 105 | E75: =IF(E190>0,SUM(E456,E465,E474,E483,E492,E501,E510,E519,E528),0) -> 110 | F75: =IF(F190>0,SUM(F456,F465,F474,F483,F492,F501,F510,F519,F528),0) -> 84 | G75: =IF(G190>0,SUM(G456,G465,G474,G483,G492,G501,G510,G519,G528),0) -> 88 | H75: =IF(H190>0,SUM(H456,H465,H474,H483,H492,H501,H510,H519,H528),0) -> 93 | I75: =IF(I190>0,SUM(I456,I465,I474,I483,I492,I501,I510,I519,I528),0) -> 99 | J75: =IF(J190>0,SUM(J456,J465,J474,J483,J492,J501,J510,J519,J528),0) -> 103 | ... BB75: =IF(BB190>0,SUM(BB456,BB465,BB474,BB483,BB492,BB501,BB510,BB519,BB528),0) -> 93 | BC75: =SUM(C75:BB75) -> 5044 | BE75: Speed Loss Test | BF75: =1-'Val Size'!L4 -> 0.19620417 | BG75: =IF(SUM(D847:BC847)/BC96=BF75,TRUE,FALSE) -> TRUE
B76: Quality Rework Loss Qty Quarterly (Unit) | C76: =IF(O190>0,SUM(C75:O75),0) -> 1251 | P76: =IF(AB190>0,SUM(P75:AB75),0) -> 1259 | AC76: =IF(AO190>0,SUM(AC75:AO75),0) -> 1258 | AP76: =IF(BB190>0,SUM(AP75:BB75),0) -> 1276 | BC76: =SUM(C76:BB76) -> 5044 | BE76: Yield Vs Quality (%) | BF76: =(BC57-BC68)/BC57 -> 0.99954966 | BG76: =IF(BF76=1-(SUM(BC321,BC330,BC339,BC348,BC357,BC366,BC375,BC384)/BC57),TRUE,FALSE) -> TRUE
B77: Quality Rework Loss Qty QuadWeek (Unit) | C77: =IF(F190>0,SUM(C75:F75),0) -> 396 | G77: =IF(J190>0,SUM(G75:J75),0) -> 383 | K77: =IF(N190>0,SUM(K75:N75),0) -> 375 | O77: =IF(R190>0,SUM(O75:R75),0) -> 396 | S77: =IF(V190>0,SUM(S75:V75),0) -> 381 | W77: =IF(Z190>0,SUM(W75:Z75),0) -> 377 | AA77: =IF(AD190>0,SUM(AA75:AD75),0) -> 396 | AE77: =IF(AH190>0,SUM(AE75:AH75),0) -> 379 | AI77: =IF(AL190>0,SUM(AI75:AL75),0) -> 374 | AM77: =IF(AP190>0,SUM(AM75:AP75),0) -> 395 | AQ77: =IF(AT190>0,SUM(AQ75:AT75),0) -> 396 | AU77: =IF(AX190>0,SUM(AU75:AX75),0) -> 419 | AY77: =IF(BB190>0,SUM(AY75:BB75),0) -> 377 | BC77: =SUM(C77:BB77) -> 5044 | BE77: Rework Losses | BF77: =BC75/BC57 -> 0.0021592466 | BG77: =IF(BF77=SUM(BC456,BC465,BC474,BC483,BC492,BC501,BC510,BC519,BC528)/BC57,TRUE,FALSE) -> TRUE
B78: Quality Rework Loss VAS Weekly (RM) | C78: =IF(C190>0,C81*C75,0) -> 1587.439 | D78: =IF(D190>0,D81*D75,0) -> 1514.6467 | E78: =IF(E190>0,E81*E75,0) -> 1593.7957 | F78: =IF(F190>0,F81*F75,0) -> 1292.0438 | G78: =IF(G190>0,G81*G75,0) -> 1513.012 | H78: =IF(H190>0,H81*H75,0) -> 1302.1612 | I78: =IF(I190>0,I81*I75,0) -> 1303.8021 | J78: =IF(J190>0,J81*J75,0) -> 1466.3891 | ... BB78: =IF(BB190>0,BB81*BB75,0) -> 1306.3607 | BC78: =SUM(C78:BB78) -> 74048.671
B79: Quality Rework Loss VAS Quarterly (RM) | C79: =IF(O190>0,SUM(C78:O78),0) -> 18479.064 | P79: =IF(AB190>0,SUM(P78:AB78),0) -> 18429.142 | AC79: =IF(AO190>0,SUM(AC78:AO78),0) -> 18538.407 | AP79: =IF(BB190>0,SUM(AP78:BB78),0) -> 18602.057 | BC79: =SUM(C79:BB79) -> 74048.671
B80: Quality Rework Loss VAS QuadWeek (RM) | C80: =IF(F190>0,SUM(C78:F78),0) -> 5987.9252 | G80: =IF(J190>0,SUM(G78:J78),0) -> 5585.3644 | K80: =IF(N190>0,SUM(K78:N78),0) -> 5318.0917 | O80: =IF(R190>0,SUM(O78:R78),0) -> 5760.621 | S80: =IF(V190>0,SUM(S78:V78),0) -> 5619.4267 | W80: =IF(Z190>0,SUM(W78:Z78),0) -> 5542.6113 | AA80: =IF(AD190>0,SUM(AA78:AD78),0) -> 5905.0582 | AE80: =IF(AH190>0,SUM(AE78:AH78),0) -> 5572.0108 | AI80: =IF(AL190>0,SUM(AI78:AL78),0) -> 5514.842 | AM80: =IF(AP190>0,SUM(AM78:AP78),0) -> 5847.0791 | AQ80: =IF(AT190>0,SUM(AQ78:AT78),0) -> 5895.3429 | AU80: =IF(AX190>0,SUM(AU78:AX78),0) -> 6133.4529 | AY80: =IF(BB190>0,SUM(AY78:BB78),0) -> 5366.8448 | BC80: =SUM(C80:BB80) -> 74048.671
B81: Weekly Rework Defect Cost / Unit (AVG) | C81: =SUM(C690:C697)/SUM(C537:C544) -> 16.36535 | D81: =SUM(D690:D697)/SUM(D537:D544) -> 14.425207 | E81: =SUM(E690:E697)/SUM(E537:E544) -> 14.489052 | F81: =SUM(F690:F697)/SUM(F537:F544) -> 15.381474 | G81: =SUM(G690:G697)/SUM(G537:G544) -> 17.193318 | H81: =SUM(H690:H697)/SUM(H537:H544) -> 14.001734 | I81: =SUM(I690:I697)/SUM(I537:I544) -> 13.169719 | J81: =SUM(J690:J697)/SUM(J537:J544) -> 14.236787 | ... BB81: =SUM(BB690:BB697)/SUM(BB537:BB544) -> 14.04689
B82: Logical Test (Rework) | C82: =IF(C78=SUM(C690:C697),TRUE,FALSE) -> TRUE | D82: =IF(D78=SUM(D690:D697),TRUE,FALSE) -> TRUE | E82: =IF(E78=SUM(E690:E697),TRUE,FALSE) -> TRUE | F82: =IF(F78=SUM(F690:F697),TRUE,FALSE) -> TRUE | G82: =IF(G78=SUM(G690:G697),TRUE,FALSE) -> TRUE | H82: =IF(H78=SUM(H690:H697),TRUE,FALSE) -> TRUE | I82: =IF(I78=SUM(I690:I697),TRUE,FALSE) -> TRUE | J82: =IF(J78=SUM(J690:J697),TRUE,FALSE) -> TRUE | ... BB82: =IF(BB78=SUM(BB690:BB697),TRUE,FALSE) -> TRUE
B83: Logical Test (Yield) | C83: =IF(C71=SUM(C411:C418),TRUE,FALSE) -> TRUE | D83: =IF(D71=SUM(D411:D418),TRUE,FALSE) -> TRUE | E83: =IF(E71=SUM(E411:E418),TRUE,FALSE) -> TRUE | F83: =IF(F71=SUM(F411:F418),TRUE,FALSE) -> TRUE | G83: =IF(G71=SUM(G411:G418),TRUE,FALSE) -> TRUE | H83: =IF(H71=SUM(H411:H418),TRUE,FALSE) -> TRUE | I83: =IF(I71=SUM(I411:I418),TRUE,FALSE) -> TRUE | J83: =IF(J71=SUM(J411:J418),TRUE,FALSE) -> TRUE | ... BB83: =IF(BB71=SUM(BB411:BB418),TRUE,FALSE) -> TRUE
B85: =C91 -> 20131.386
B86: Total USDT VAS - QuadWeek (RM) | C86: =IF(F190>0,SUM(C88:F88),0) -> 38106.461 | G86: =IF(J190>0,SUM(G88:J88),0) -> 28525.804 | K86: =IF(N190>0,SUM(K88:N88),0) -> 33300.095 | O86: =IF(R190>0,SUM(O88:R88),0) -> 33597.916 | S86: =IF(V190>0,SUM(S88:V88),0) -> 30801.874 | W86: =IF(Z190>0,SUM(W88:Z88),0) -> 35069.094 | AA86: =IF(AD190>0,SUM(AA88:AD88),0) -> 33364.967 | AE86: =IF(AH190>0,SUM(AE88:AH88),0) -> 32474.934 | AI86: =IF(AL190>0,SUM(AI88:AL88),0) -> 32354.842 | AM86: =IF(AP190>0,SUM(AM88:AP88),0) -> 33901.736 | AQ86: =IF(AT190>0,SUM(AQ88:AT88),0) -> 33862.98 | AU86: =IF(AX190>0,SUM(AU88:AX88),0) -> 35629.289 | AY86: =IF(BB190>0,SUM(AY88:BB88),0) -> 29072.478 | BC86: =SUM(C86:BB86) -> 430062.47
B87: Total USDT VAS - Quarterly (RM) | C87: =IF(O190>0,SUM(C88:O88),0) -> 109860.17 | P87: =IF(AB190>0,SUM(P88:AB88),0) -> 108479.43 | AC87: =IF(AO190>0,SUM(AC88:AO88),0) -> 103999.32 | AP87: =IF(BB190>0,SUM(AP88:BB88),0) -> 107723.55 | BC87: =SUM(C87:BB87) -> 430062.47
B88: Total USDT VAS - Weekly (RM) | C88: =IF(C190>0,C181*C94,0) -> 10203.579 | D88: =IF(D190>0,D181*D94,0) -> 8401.3416 | E88: =IF(E190>0,E181*E94,0) -> 9162.2495 | F88: =IF(F190>0,F181*F94,0) -> 10339.291 | G88: =IF(G190>0,G181*G94,0) -> 7514.9066 | H88: =IF(H190>0,H181*H94,0) -> 6713.883 | I88: =IF(I190>0,I181*I94,0) -> 7542.4214 | J88: =IF(J190>0,J181*J94,0) -> 6754.5932 | ... BB88: =IF(BB190>0,BB181*BB94,0) -> 5246.2698 | BC88: =SUM(C88:BB88) -> 430062.47
B89: Target Cycle Time (seconds) | C89: =IF(C190>0,'Val Size'!F16,0) -> 10.163998 | D89: =IF(D190>0,C89,0) -> 10.163998 | E89: =IF(E190>0,D89,0) -> 10.163998 | F89: =IF(F190>0,E89,0) -> 10.163998 | G89: =IF(G190>0,F89,0) -> 10.163998 | H89: =IF(H190>0,G89,0) -> 10.163998 | I89: =IF(I190>0,H89,0) -> 10.163998 | J89: =IF(J190>0,I89,0) -> 10.163998 | K89: =IF(K190>0,J89,0) -> 10.163998 | ... BB89: =IF(BB190>0,BA89,0) -> 10.163998 | BC89: =C89 -> 10.163998
B90: Planned Production Time (seconds) | C90: =IF(C190>0,C190*60*60*(C186*C187*C188)-C92,0) -> 578520 | D90: =IF(D190>0,D190*60*60*(D186*D187*D188)-D92,0) -> 575280 | E90: =IF(E190>0,E190*60*60*(E186*E187*E188)-E92,0) -> 584640 | F90: =IF(F190>0,F190*60*60*(F186*F187*F188)-F92,0) -> 569520 | G90: =IF(G190>0,G190*60*60*(G186*G187*G188)-G92,0) -> 585360 | H90: =IF(H190>0,H190*60*60*(H186*H187*H188)-H92,0) -> 581760 | I90: =IF(I190>0,I190*60*60*(I186*I187*I188)-I92,0) -> 579600 | J90: =IF(J190>0,J190*60*60*(J186*J187*J188)-J92,0) -> 577080 | ... BB90: =IF(BB190>0,BB190*60*60*(BB186*BB187*BB188)-BB92,0) -> 591840 | BC90: =SUM(C90:BB90) -> 30140280
B91: SDT VAS Weekly (RM) | C91: =C93*C266 -> 20131.386 | D91: =D93*D266 -> 20262.059 | E91: =E93*E266 -> 14252.388 | F91: =F93*F266 -> 27385.148 | G91: =G93*G266 -> 15607.883 | H91: =H93*H266 -> 15346.018 | I91: =I93*I266 -> 16499.047 | J91: =J93*J266 -> 20003.988 | ... BB91: =BB93*BB266 -> 9443.2857 | BC91: =SUM(C91:BB91) -> 936737.85
B92: Total SDT (Seconds) - Weekly | C92: =IF(C190>0,C93*60*60,0) -> 26280 | D92: =IF(D190>0,D93*60*60,0) -> 29520 | E92: =IF(E190>0,E93*60*60,0) -> 20160 | F92: =IF(F190>0,F93*60*60,0) -> 35280 | G92: =IF(G190>0,G93*60*60,0) -> 19440 | H92: =IF(H190>0,H93*60*60,0) -> 23040 | I92: =IF(I190>0,I93*60*60,0) -> 25200 | J92: =IF(J190>0,J93*60*60,0) -> 27720 | ... BB92: =IF(BB190>0,BB93*60*60,0) -> 12960 | BC92: =SUM(C92:BB92) -> 1309320
B93: Total SDT (Hour) - Weekly | C93: =IF(C190>0,SUM(C191,C198,C205,C212,C219,C226,C233,C240),0) -> 7.3 | D93: =IF(D190>0,SUM(D191,D198,D205,D212,D219,D226,D233,D240),0) -> 8.2 | E93: =IF(E190>0,SUM(E191,E198,E205,E212,E219,E226,E233,E240),0) -> 5.6 | F93: =IF(F190>0,SUM(F191,F198,F205,F212,F219,F226,F233,F240),0) -> 9.8 | G93: =IF(G190>0,SUM(G191,G198,G205,G212,G219,G226,G233,G240),0) -> 5.4 | H93: =IF(H190>0,SUM(H191,H198,H205,H212,H219,H226,H233,H240),0) -> 6.4 | I93: =IF(I190>0,SUM(I191,I198,I205,I212,I219,I226,I233,I240),0) -> 7 | J93: =IF(J190>0,SUM(J191,J198,J205,J212,J219,J226,J233,J240),0) -> 7.7 | ... BB93: =IF(BB190>0,SUM(BB191,BB198,BB205,BB212,BB219,BB226,BB233,BB240),0) -> 3.6 | BC93: =SUM(C93:BB93) -> 363.7
B94: Total USDT (Hour) - Weekly | C94: =IF(C190>0,SUM(C106,C113,C120,C127,C134,C141,C148,C155),0) -> 3.7 | D94: =IF(D190>0,SUM(D106,D113,D120,D127,D134,D141,D148,D155),0) -> 3.4 | E94: =IF(E190>0,SUM(E106,E113,E120,E127,E134,E141,E148,E155),0) -> 3.6 | F94: =IF(F190>0,SUM(F106,F113,F120,F127,F134,F141,F148,F155),0) -> 3.7 | G94: =IF(G190>0,SUM(G106,G113,G120,G127,G134,G141,G148,G155),0) -> 2.6 | H94: =IF(H190>0,SUM(H106,H113,H120,H127,H134,H141,H148,H155),0) -> 2.8 | I94: =IF(I190>0,SUM(I106,I113,I120,I127,I134,I141,I148,I155),0) -> 3.2 | J94: =IF(J190>0,SUM(J106,J113,J120,J127,J134,J141,J148,J155),0) -> 2.6 | ... BB94: =IF(BB190>0,SUM(BB106,BB113,BB120,BB127,BB134,BB141,BB148,BB155),0) -> 2 | BC94: =SUM(C94:BB94) -> 167.1
B95: Total USDT (Seconds) - Weekly | C95: =IF(C190>0,C94*60*60,0) -> 13320 | D95: =IF(D190>0,D94*60*60,0) -> 12240 | E95: =IF(E190>0,E94*60*60,0) -> 12960 | F95: =IF(F190>0,F94*60*60,0) -> 13320 | G95: =IF(G190>0,G94*60*60,0) -> 9360 | H95: =IF(H190>0,H94*60*60,0) -> 10080 | I95: =IF(I190>0,I94*60*60,0) -> 11520 | J95: =IF(J190>0,J94*60*60,0) -> 9360 | ... BB95: =IF(BB190>0,BB94*60*60,0) -> 7200 | BC95: =SUM(C95:BB95) -> 601560
B96: Operation Time (Seconds) | C96: =IF(C190>0,C90-C95,0) -> 565200 | D96: =IF(D190>0,D90-D95,0) -> 563040 | E96: =IF(E190>0,E90-E95,0) -> 571680 | F96: =IF(F190>0,F90-F95,0) -> 556200 | G96: =IF(G190>0,G90-G95,0) -> 576000 | H96: =IF(H190>0,H90-H95,0) -> 571680 | I96: =IF(I190>0,I90-I95,0) -> 568080 | J96: =IF(J190>0,J90-J95,0) -> 567720 | ... BB96: =IF(BB190>0,BB90-BB95,0) -> 584640 | BC96: =SUM(C96:BB96) -> 29538720
B97: Performance - Weekly | C97: =IF(C190>0,C89*C57/C96,0) -> 0.80923553 | D97: =IF(D190>0,D89*D57/D96,0) -> 0.86649602 | E97: =IF(E190>0,E89*E57/E96,0) -> 0.90673788 | F97: =IF(F190>0,F89*F57/F96,0) -> 0.71268596 | G97: =IF(G190>0,G89*G57/G96,0) -> 0.72347904 | H97: =IF(H190>0,H89*H57/H96,0) -> 0.76450449 | I97: =IF(I190>0,I89*I57/I96,0) -> 0.80513294 | J97: =IF(J190>0,J89*J57/J96,0) -> 0.85935306 | ... BB97: =IF(BB190>0,BB89*BB57/BB96,0) -> 0.74755735 | BC97: =BC89*BC57/BC96 -> 0.80379583
B98: Performance - Quarterly | C98: =IF(O190>0,C89*C58/(SUM(C96:O96)),0) -> 0.79827606 | P98: =IF(AB190>0,P89*P58/(SUM(P96:AB96)),0) -> 0.80221634 | AC98: =IF(AO190>0,AC89*AC58/(SUM(AC96:AO96)),0) -> 0.80337065 | AP98: =IF(BB190>0,AP89*AP58/(SUM(AP96:BB96)),0) -> 0.81130255 | BC98: =BC58*BC89/BC96 -> 0.80379583
B99: Performance-QuakWeek | C99: =IF(F190>0,C89*C63/SUM(C96:F96),0) -> 0.82442941 | G99: =IF(J190>0,G89*G63/SUM(G96:J96),0) -> 0.78784474 | K99: =IF(N190>0,K89*K63/SUM(K96:N96),0) -> 0.77915927 | O99: =IF(R190>0,O89*O63/SUM(O96:R96),0) -> 0.81998082 | S99: =IF(V190>0,S89*S63/SUM(S96:V96),0) -> 0.78921339 | W99: =IF(Z190>0,W89*W63/SUM(W96:Z96),0) -> 0.78251022 | AA99: =IF(AD190>0,AA89*AA63/SUM(AA96:AD96),0) -> 0.81738635 | AE99: =IF(AH190>0,AE89*AE63/SUM(AE96:AH96),0) -> 0.79359999 | AI99: =IF(AL190>0,AI89*AI63/SUM(AI96:AL96),0) -> 0.77559191 | AM99: =IF(AP190>0,AM89*AM63/SUM(AM96:AP96),0) -> 0.81920075 | AQ99: =IF(AT190>0,AQ89*AQ63/SUM(AQ96:AT96),0) -> 0.82237335 | AU99: =IF(AX190>0,AU89*AU63/SUM(AU96:AX96),0) -> 0.86851011 | AY99: =IF(BB190>0,AY89*AY63/SUM(AY96:BB96),0) -> 0.77048293 | BC99: =BC89*BC57/BC96 -> 0.80379583
B100: Availability - Weekly | C100: =IF(C190>0,C96/C90,0) -> 0.97697573 | D100: =IF(D190>0,D96/D90,0) -> 0.9787234 | E100: =IF(E190>0,E96/E90,0) -> 0.97783251 | F100: =IF(F190>0,F96/F90,0) -> 0.97661188 | G100: =IF(G190>0,G96/G90,0) -> 0.98400984 | H100: =IF(H190>0,H96/H90,0) -> 0.98267327 | I100: =IF(I190>0,I96/I90,0) -> 0.98012422 | J100: =IF(J190>0,J96/J90,0) -> 0.98378041 | ... BB100: =IF(BB190>0,BB96/BB90,0) -> 0.98783455 | BC100: =BC96/BC90 -> 0.98004133
B101: Availability - Quarterly | C101: =IF(O190>0,SUM(C96:O96)/SUM(C90:O90),0) -> 0.97957426 | P101: =IF(AB190>0,SUM(P96:AB96)/SUM(P90:AB90),0) -> 0.97981344 | AC101: =IF(AO190>0,SUM(AC96:AO96)/SUM(AC90:AO90),0) -> 0.98086832 | AP101: =IF(BB190>0,SUM(AP96:BB96)/SUM(AP90:BB90),0) -> 0.97990741 | BC101: =BC96/BC90 -> 0.98004133
B102: Availability - Quadweek | C102: =IF(F190>0,SUM(C96:F96)/SUM(C90:F90),0) -> 0.97753861 | G102: =IF(J190>0,SUM(G96:J96)/SUM(G90:J90),0) -> 0.98264911 | K102: =IF(N190>0,SUM(K96:N96)/SUM(K90:N90),0) -> 0.97903727 | O102: =IF(R190>0,SUM(O96:R96)/SUM(O90:R90),0) -> 0.97963308 | S102: =IF(V190>0,SUM(S96:V96)/SUM(S90:V90),0) -> 0.98155325 | W102: =IF(Z190>0,SUM(W96:Z96)/SUM(W90:Z90),0) -> 0.97879638 | AA102: =IF(AD190>0,SUM(AA96:AD96)/SUM(AA90:AD90),0) -> 0.98030397 | AE102: =IF(AH190>0,SUM(AE96:AH96)/SUM(AE90:AH90),0) -> 0.98053566 | AI102: =IF(AL190>0,SUM(AI96:AL96)/SUM(AI90:AL90),0) -> 0.98049536 | AM102: =IF(AP190>0,SUM(AM96:AP96)/SUM(AM90:AP90),0) -> 0.97995649 | AQ102: =IF(AT190>0,SUM(AQ96:AT96)/SUM(AQ90:AT90),0) -> 0.97983558 | AU102: =IF(AX190>0,SUM(AU96:AX96)/SUM(AU90:AX90),0) -> 0.97817275 | AY102: =IF(BB190>0,SUM(AY96:BB96)/SUM(AY90:BB90),0) -> 0.98198059 | BC102: =BC96/BC90 -> 0.98004133
B103: Weekly OEE | C103: =IF(C190>0,C64*C100*C97,0) -> 0.79023453 | D103: =IF(D190>0,D64*D100*D97,0) -> 0.84770657 | E103: =IF(E190>0,E64*E100*E97,0) -> 0.88622054 | F103: =IF(F190>0,F64*F100*F97,0) -> 0.69569634 | G103: =IF(G190>0,G64*G100*G97,0) -> 0.71158059 | H103: =IF(H190>0,H64*H100*H97,0) -> 0.7509087 | I103: =IF(I190>0,I64*I100*I97,0) -> 0.78879711 | J103: =IF(J190>0,J64*J100*J97,0) -> 0.84502722 | ... BB103: =IF(BB190>0,BB64*BB100*BB97,0) -> 0.73817102 | BC103: =BC64*BC97*BC100 -> 0.78739837
B104: Quarterly OEE | C104: =IF(O190>0,C101*C98*C65,0) -> 0.78161954 | P104: =IF(AB190>0,P101*P98*P65,0) -> 0.78567121 | AC104: =IF(AO190>0,AC101*AC98*AC65,0) -> 0.78764252 | AP104: =IF(BB190>0,AP101*AP98*AP65,0) -> 0.79464295 | BC104: =BC101*BC98*AP65 -> 0.78739798
B105: QUADWeek OEE | C105: =IF(F190>0,C102*C99*C66,0) -> 0.80554606 | G105: =IF(J190>0,G102*G99*G66,0) -> 0.77382502 | K105: =IF(N190>0,K102*K99*K66,0) -> 0.762484 | O105: =IF(R190>0,O102*O99*O66,0) -> 0.80291601 | S105: =IF(V190>0,S102*S99*S66,0) -> 0.77431796 | W105: =IF(Z190>0,W102*W99*W66,0) -> 0.76557483 | AA105: =IF(AD190>0,AA102*AA99*AA66,0) -> 0.8009368 | AE105: =IF(AH190>0,AE102*AE99*AE66,0) -> 0.77779259 | AI105: =IF(AL190>0,AI102*AI99*AI66,0) -> 0.760119 | AM105: =IF(AP190>0,AM102*AM99*AM66,0) -> 0.80240822 | AQ105: =IF(AT190>0,AQ102*AQ99*AQ66,0) -> 0.80541843 | AU105: =IF(AX190>0,AU102*AU99*AU66,0) -> 0.84918316 | AY105: =IF(BB190>0,AY102*AY99*AY66,0) -> 0.75626012 | BC105: =BC102*BC99*BC66 -> 0.78739837
A106: ='Client Data'!A184 -> 8 | B106: ='Client Data'!B184 -> Tool USDT A (Hour) | C106: =IF(OR(C$190>0,$A106),SUM(C107:C112),0) -> 0.4 | D106: =IF(OR(D$190>0,$A106),SUM(D107:D112),0) -> 0.5 | E106: =IF(OR(E$190>0,$A106),SUM(E107:E112),0) -> 0.3 | F106: =IF(OR(F$190>0,$A106),SUM(F107:F112),0) -> 0.6 | G106: =IF(OR(G$190>0,$A106),SUM(G107:G112),0) -> 0.3 | H106: =IF(OR(H$190>0,$A106),SUM(H107:H112),0) -> 0.4 | I106: =IF(OR(I$190>0,$A106),SUM(I107:I112),0) -> 0.4 | J106: =IF(OR(J$190>0,$A106),SUM(J107:J112),0) -> 0.5 | ... BB106: =IF(OR(BB$190>0,$A106),SUM(BB107:BB112),0) -> 0.2 | BC106: =SUM(C106:BB106) -> 21.4
A107: =IF(A$106>0,'Client Data'!A185,0) -> 6 | B107: ='Client Data'!B185 -> DownTime A | C107: =IF(OR(C$190,$A107),'Client Data'!C185,0) -> 0.4 | D107: =IF(OR(D$190,$A107),'Client Data'!D185,0) -> 0.5 | E107: =IF(OR(E$190,$A107),'Client Data'!E185,0) -> 0.3 | F107: =IF(OR(F$190,$A107),'Client Data'!F185,0) -> 0.6 | G107: =IF(OR(G$190,$A107),'Client Data'!G185,0) -> 0.3 | H107: =IF(OR(H$190,$A107),'Client Data'!H185,0) -> 0.4 | I107: =IF(OR(I$190,$A107),'Client Data'!I185,0) -> 0.4 | J107: =IF(OR(J$190,$A107),'Client Data'!J185,0) -> 0.5 | ... BB107: =IF(OR(BB$190,$A107),'Client Data'!BB185,0) -> 0.2 | BC107: =SUM(C107:BB107) -> 21.4
A108: =IF(A$106>0,A107-1,0) -> 5 | B108: ='Client Data'!B186 -> DownTime B | C108: =IF(OR(C$190,$A108),'Client Data'!C186,0) -> 0 | D108: =IF(OR(D$190,$A108),'Client Data'!D186,0) -> 0 | E108: =IF(OR(E$190,$A108),'Client Data'!E186,0) -> 0 | F108: =IF(OR(F$190,$A108),'Client Data'!F186,0) -> 0 | G108: =IF(OR(G$190,$A108),'Client Data'!G186,0) -> 0 | H108: =IF(OR(H$190,$A108),'Client Data'!H186,0) -> 0 | I108: =IF(OR(I$190,$A108),'Client Data'!I186,0) -> 0 | J108: =IF(OR(J$190,$A108),'Client Data'!J186,0) -> 0 | ... BB108: =IF(OR(BB$190,$A108),'Client Data'!BB186,0) -> 0 | BC108: =SUM(C108:BB108) -> 0
A109: =IF(A$106>0,A108-1,0) -> 4 | B109: ='Client Data'!B187 -> DownTime C | C109: =IF(OR(C$190,$A109),'Client Data'!C187,0) -> 0 | D109: =IF(OR(D$190,$A109),'Client Data'!D187,0) -> 0 | E109: =IF(OR(E$190,$A109),'Client Data'!E187,0) -> 0 | F109: =IF(OR(F$190,$A109),'Client Data'!F187,0) -> 0 | G109: =IF(OR(G$190,$A109),'Client Data'!G187,0) -> 0 | H109: =IF(OR(H$190,$A109),'Client Data'!H187,0) -> 0 | I109: =IF(OR(I$190,$A109),'Client Data'!I187,0) -> 0 | J109: =IF(OR(J$190,$A109),'Client Data'!J187,0) -> 0 | ... BB109: =IF(OR(BB$190,$A109),'Client Data'!BB187,0) -> 0 | BC109: =SUM(C109:BB109) -> 0
A110: =IF(A$106>0,A109-1,0) -> 3 | B110: ='Client Data'!B188 -> DownTime D | C110: =IF(OR(C$190,$A110),'Client Data'!C188,0) -> 0 | D110: =IF(OR(D$190,$A110),'Client Data'!D188,0) -> 0 | E110: =IF(OR(E$190,$A110),'Client Data'!E188,0) -> 0 | F110: =IF(OR(F$190,$A110),'Client Data'!F188,0) -> 0 | G110: =IF(OR(G$190,$A110),'Client Data'!G188,0) -> 0 | H110: =IF(OR(H$190,$A110),'Client Data'!H188,0) -> 0 | I110: =IF(OR(I$190,$A110),'Client Data'!I188,0) -> 0 | J110: =IF(OR(J$190,$A110),'Client Data'!J188,0) -> 0 | ... BB110: =IF(OR(BB$190,$A110),'Client Data'!BB188,0) -> 0 | BC110: =SUM(C110:BB110) -> 0
A111: =IF(A$106>0,A110-1,0) -> 2 | B111: ='Client Data'!B189 -> DownTime E | C111: =IF(OR(C$190,$A111),'Client Data'!C189,0) -> 0 | D111: =IF(OR(D$190,$A111),'Client Data'!D189,0) -> 0 | E111: =IF(OR(E$190,$A111),'Client Data'!E189,0) -> 0 | F111: =IF(OR(F$190,$A111),'Client Data'!F189,0) -> 0 | G111: =IF(OR(G$190,$A111),'Client Data'!G189,0) -> 0 | H111: =IF(OR(H$190,$A111),'Client Data'!H189,0) -> 0 | I111: =IF(OR(I$190,$A111),'Client Data'!I189,0) -> 0 | J111: =IF(OR(J$190,$A111),'Client Data'!J189,0) -> 0 | ... BB111: =IF(OR(BB$190,$A111),'Client Data'!BB189,0) -> 0 | BC111: =SUM(C111:BB111) -> 0
A112: =IF(A$106>0,A111-1,0) -> 1 | B112: ='Client Data'!B190 -> DownTime F | C112: =IF(OR(C$190,$A112),'Client Data'!C190,0) -> 0 | D112: =IF(OR(D$190,$A112),'Client Data'!D190,0) -> 0 | E112: =IF(OR(E$190,$A112),'Client Data'!E190,0) -> 0 | F112: =IF(OR(F$190,$A112),'Client Data'!F190,0) -> 0 | G112: =IF(OR(G$190,$A112),'Client Data'!G190,0) -> 0 | H112: =IF(OR(H$190,$A112),'Client Data'!H190,0) -> 0 | I112: =IF(OR(I$190,$A112),'Client Data'!I190,0) -> 0 | J112: =IF(OR(J$190,$A112),'Client Data'!J190,0) -> 0 | ... BB112: =IF(OR(BB$190,$A112),'Client Data'!BB190,0) -> 0 | BC112: =SUM(C112:BB112) -> 0
A113: =A106-1 -> 7 | B113: ='Client Data'!B191 -> Tool USDT B (Hour) | C113: =IF(OR(C$190>0,$A113),SUM(C114:C119),0) -> 0.5 | D113: =IF(OR(D$190>0,$A113),SUM(D114:D119),0) -> 0.3 | E113: =IF(OR(E$190>0,$A113),SUM(E114:E119),0) -> 0.6 | F113: =IF(OR(F$190>0,$A113),SUM(F114:F119),0) -> 0.3 | G113: =IF(OR(G$190>0,$A113),SUM(G114:G119),0) -> 0.4 | H113: =IF(OR(H$190>0,$A113),SUM(H114:H119),0) -> 0.4 | I113: =IF(OR(I$190>0,$A113),SUM(I114:I119),0) -> 0.5 | J113: =IF(OR(J$190>0,$A113),SUM(J114:J119),0) -> 0.3 | ... BB113: =IF(OR(BB$190>0,$A113),SUM(BB114:BB119),0) -> 0.2 | BC113: =SUM(C113:BB113) -> 21.6
A114: =IF(A$113>0,A107,0) -> 6 | B114: ='Client Data'!B192 -> DownTime A | C114: =IF(OR(C$190,$A114),'Client Data'!C192,0) -> 0 | D114: =IF(OR(D$190,$A114),'Client Data'!D192,0) -> 0 | E114: =IF(OR(E$190,$A114),'Client Data'!E192,0) -> 0 | F114: =IF(OR(F$190,$A114),'Client Data'!F192,0) -> 0 | G114: =IF(OR(G$190,$A114),'Client Data'!G192,0) -> 0 | H114: =IF(OR(H$190,$A114),'Client Data'!H192,0) -> 0 | I114: =IF(OR(I$190,$A114),'Client Data'!I192,0) -> 0 | J114: =IF(OR(J$190,$A114),'Client Data'!J192,0) -> 0 | ... AQ114: =IF(OR(AQ$190,$A114),'Client Data'!AQ192,0) -> 0 | AR114: ='Client Data'!AR192 -> 0 | AS114: =IF(OR(AS$190,$A114),'Client Data'!AS192,0) -> 0 | AT114: =IF(OR(AT$190,$A114),'Client Data'!AT192,0) -> 0 | AU114: =IF(OR(AU$190,$A114),'Client Data'!AU192,0) -> 0 | AV114: =IF(OR(AV$190,$A114),'Client Data'!AV192,0) -> 0 | AW114: =IF(OR(AW$190,$A114),'Client Data'!AW192,0) -> 0 | AX114: =IF(OR(AX$190,$A114),'Client Data'!AX192,0) -> 0 | AY114: =IF(OR(AY$190,$A114),'Client Data'!AY192,0) -> 0 | AZ114: =IF(OR(AZ$190,$A114),'Client Data'!AZ192,0) -> 0 | ... BB114: =IF(OR(BB$190,$A114),'Client Data'!BB192,0) -> 0 | BC114: =SUM(C114:BB114) -> 0
A115: =IF(A$113>0,A114-1,0) -> 5 | B115: ='Client Data'!B193 -> DownTime B | C115: =IF(OR(C$190,$A115),'Client Data'!C193,0) -> 0.5 | D115: =IF(OR(D$190,$A115),'Client Data'!D193,0) -> 0.3 | E115: =IF(OR(E$190,$A115),'Client Data'!E193,0) -> 0.6 | F115: =IF(OR(F$190,$A115),'Client Data'!F193,0) -> 0.3 | G115: =IF(OR(G$190,$A115),'Client Data'!G193,0) -> 0.4 | H115: =IF(OR(H$190,$A115),'Client Data'!H193,0) -> 0.4 | I115: =IF(OR(I$190,$A115),'Client Data'!I193,0) -> 0.5 | J115: =IF(OR(J$190,$A115),'Client Data'!J193,0) -> 0.3 | ... BB115: =IF(OR(BB$190,$A115),'Client Data'!BB193,0) -> 0.2 | BC115: =SUM(C115:BB115) -> 21.6
A116: =IF(A$113>0,A115-1,0) -> 4 | B116: ='Client Data'!B194 -> DownTime C | C116: =IF(OR(C$190,$A116),'Client Data'!C194,0) -> 0 | D116: =IF(OR(D$190,$A116),'Client Data'!D194,0) -> 0 | E116: =IF(OR(E$190,$A116),'Client Data'!E194,0) -> 0 | F116: =IF(OR(F$190,$A116),'Client Data'!F194,0) -> 0 | G116: =IF(OR(G$190,$A116),'Client Data'!G194,0) -> 0 | H116: =IF(OR(H$190,$A116),'Client Data'!H194,0) -> 0 | I116: =IF(OR(I$190,$A116),'Client Data'!I194,0) -> 0 | J116: =IF(OR(J$190,$A116),'Client Data'!J194,0) -> 0 | ... BB116: =IF(OR(BB$190,$A116),'Client Data'!BB194,0) -> 0 | BC116: =SUM(C116:BB116) -> 0
A117: =IF(A$113>0,A116-1,0) -> 3 | B117: ='Client Data'!B195 -> DownTime D | C117: =IF(OR(C$190,$A117),'Client Data'!C195,0) -> 0 | D117: =IF(OR(D$190,$A117),'Client Data'!D195,0) -> 0 | E117: =IF(OR(E$190,$A117),'Client Data'!E195,0) -> 0 | F117: =IF(OR(F$190,$A117),'Client Data'!F195,0) -> 0 | G117: =IF(OR(G$190,$A117),'Client Data'!G195,0) -> 0 | H117: =IF(OR(H$190,$A117),'Client Data'!H195,0) -> 0 | I117: =IF(OR(I$190,$A117),'Client Data'!I195,0) -> 0 | J117: =IF(OR(J$190,$A117),'Client Data'!J195,0) -> 0 | ... BB117: =IF(OR(BB$190,$A117),'Client Data'!BB195,0) -> 0 | BC117: =SUM(C117:BB117) -> 0
...

Sheet Chart
B2: ='Val Size'!B28 -> Category | C2: ='Val Size'!E28 -> Val Size VaS
B3: ='Val Size'!B29 -> USDT - Machine Failure | C3: ='Val Size'!E29 -> 430062.47
B4: ='Val Size'!B30 -> USDT - Machine Assist | C4: ='Val Size'!E30 -> 0
B5: ='Val Size'!B31 -> Quality Loss - Defect | C5: ='Val Size'!E31 -> 7644.8905
B6: ='Val Size'!B32 -> Quality Loss - Rework | C6: ='Val Size'!E32 -> 59955.976
B7: ='Val Size'!B33 -> Speed Loss | C7: ='Val Size'!E33 -> 4352710.5
B8: ='Val Size'!B34 -> Labor Loss | C8: ='Val Size'!E34 -> 51376.667
B9: ='Val Size'!B35 -> Utility Waste | C9: ='Val Size'!E35 -> 19272
B10: ='Val Size'!B36 -> Customer Return | C10: ='Val Size'!E36 -> 193.07704
B11: ='Val Size'!B37 -> Material Waste | C11: ='Val Size'!E37 -> 36736
B12: ='Val Size'!B38 -> Tooling / Consulables Waste | C12: ='Val Size'!E38 -> 23496
B25: ='Micro Data Tabulation'!B56 -> Week | C25: ='Micro Data Tabulation'!C56 -> 1 | D25: ='Micro Data Tabulation'!D56 -> 2 | E25: ='Micro Data Tabulation'!E56 -> 3 | F25: ='Micro Data Tabulation'!F56 -> 4 | G25: ='Micro Data Tabulation'!G56 -> 5 | H25: ='Micro Data Tabulation'!H56 -> 6 | I25: ='Micro Data Tabulation'!I56 -> 7 | ... BB25: ='Micro Data Tabulation'!BB56 -> 52
B26: ='Micro Data Tabulation'!B57 -> Production (Volume) - Weekly (Unit) | C26: ='Micro Data Tabulation'!C57 -> 45000 | D26: ='Micro Data Tabulation'!D57 -> 48000 | E26: ='Micro Data Tabulation'!E57 -> 51000 | F26: ='Micro Data Tabulation'!F57 -> 39000 | G26: ='Micro Data Tabulation'!G57 -> 41000 | H26: ='Micro Data Tabulation'!H57 -> 43000 | I26: ='Micro Data Tabulation'!I57 -> 45000 | ... BB26: ='Micro Data Tabulation'!BB57 -> 43000
B27: ='Micro Data Tabulation'!B64 -> Yield / Quality (%) - Weekly | C27: ='Micro Data Tabulation'!C64*100 -> 99.953333 | D27: ='Micro Data Tabulation'!D64*100 -> 99.958333 | E27: ='Micro Data Tabulation'!E64*100 -> 99.952941 | F27: ='Micro Data Tabulation'!F64*100 -> 99.953846 | G27: ='Micro Data Tabulation'!G64*100 -> 99.953659 | H27: ='Micro Data Tabulation'!H64*100 -> 99.953488 | I27: ='Micro Data Tabulation'!I64*100 -> 99.957778 | J27: ='Micro Data Tabulation'!J64*100 -> 99.954167 | ... BB27: ='Micro Data Tabulation'!BB64*100 -> 99.960465
